Environment,Host,Mount,WE 01.05,WE 01.12,WE 01.19,WE 01.26,WE 02.02,WE 02.14,WE 02.23,WE 03.01,WE 03.08,WE 03.15,WE 03.22,WE 03.29,WE 04.05,WE 04.12,WE 04.19,WE 04.26,WE 05.03,WE 05.10,WE 05.17,WE 05.24,WE 05.31,WE 06.07,WE 06.14,WE 06.21,WE 06.28,WE 07.05,WE 07.12,WE 07.19,WE 07.26,WE 08.02,WE 08.09,WE 08.16,WE 08.23,WE 08.31,WE 09.06,WE 09.13,WE 09.20,WE 09.27,WE 10.04,WE 10.11,WE 10.18,WE 10.25,WE 11.03,WE 11.08,WE 11.15,WE 11.22,WE 11.30,WE 12.09,WE 12.13,WE 12.20,WE 12.28,WE 01.04,WE 01.10,WE 01.17,WE 01.24,WE 01.28
PROD2,dpaanalytics,/,12.00%,,12.00%,13.00%,12.00%,13,12,12,12,12,12,12,12,12,12,12,12,12,12,12,12,12,12,12,12,12,12,12,12,12,12,12,12,13,12,13,12,13,13,13,13,13,13,13,13,14,15,15,15,15,15,15,15,16,15,16
PROD2,dpaanalytics,/appl/depot,1.00%,,1.00%,1.00%,1.00%,1,1,1,1,1,1,1,1,1,1,1,1,1,1,1,1,1,1,1,1,1,1,1,1,1,1,1,1,1,1,1,1,1,1,1,1,1,1,1,1,1,1,1,1,1,1,1,1,1,1,1
PROD2,dpaanalytics,/appl/di_shareddata,1.00%,,1.00%,1.00%,1.00%,1,1,1,1,1,1,1,1,1,1,1,1,1,1,1,1,1,1,1,1,1,1,1,1,1,1,1,1,1,1,1,1,1,1,1,1,1,1,1,1,1,1,1,1,1,1,1,1,1,1,1
PROD2,dpaanalytics,/appl/sasbackup,1.00%,,,1.00%,1.00%,1,1,1,1,1,1,1,1,1,1,1,1,1,1,1,1,1,1,1,1,1,1,1,1,1,1,1,1,1,1,1,1,1,1,1,1,1,1,1,1,1,1,1,1,1,1,1,1,1,1,1
PROD2,dpaanalytics,/appl/sasdata,1.00%,,,1.00%,1.00%,1,1,1,1,1,1,1,1,1,1,1,1,1,1,1,1,1,1,1,1,1,1,1,1,1,1,1,1,1,1,1,1,1,1,1,1,1,1,1,1,1,1,1,1,1,1,1,1,1,1,1
PROD2,dpaanalytics,/appl/saslogs,1.00%,,1.00%,1.00%,1.00%,1,1,1,1,1,1,1,1,1,1,1,1,1,1,1,1,1,1,1,1,1,1,1,1,1,1,1,1,1,1,1,1,1,1,1,1,1,1,1,1,1,1,1,1,1,1,1,1,1,1,1
PROD2,dpaanalytics,/dev,0.00%,,,0.00%,0.00%,0,0,0,0,0,0,0,0,0,0,0,0,0,0,0,0,0,0,0,0,0,0,0,0,0,0,0,0,0,0,0,0,0,0,0,0,0,0,0,0,0,0,0,0,0,0,0,0,0,0,0
PROD2,dpaanalytics,/sas,34.00%,,73.00%,72.00%,59.00%,31,44,44,76,26,26,65,63,78,58,73,35,62,62,58,48,51,55,74,76,73,58,43,63,63,68,53,53,51,44,44,65,55,55,55,55,55,55,55,55,55,55,55,55,55,55,55,55,55,55,55
PROD2,dpaanalytics,/work,1.00%,,9.00%,1.00%,1.00%,1,1,1,1,1,1,1,1,1,1,1,1,1,1,1,1,1,1,1,1,1,1,1,1,1,1,1,1,1,1,1,1,1,1,1,1,1,1,1,1,1,1,1,1,1,1,1,1,1,1,1
PROD2,dpadesignmetadata,/,15.00%,,,15.00%,15.00%,16,16,15,16,16,16,16,16,17,17,17,18,17,17,18,18,18,18,18,19,19,19,20,20,20,22,22,23,23,24,25,24,25,26,26,26,27,27,27,28,31,30,31,31,33,33,33,34,34,34,35
PROD2,dpadesignmetadata,/appl/config,12.00%,,,11.00%,11.00%,12,12,12,12,13,13,13,13,13,14,14,15,15,16,17,15,15,15,14,14,14,14,15,14,14,14,15,14,14,14,14,14,14,14,14,14,14,14,15,15,14,14,15,15,15,15,15,15,15,15,15
PROD2,dpadesignmetadata,/appl/depot,1.00%,,,1.00%,1.00%,1,1,1,1,1,1,1,1,1,1,1,1,1,1,1,1,1,1,1,1,1,1,1,1,1,1,1,1,1,1,1,1,1,1,1,1,1,1,1,1,1,1,1,1,1,1,1,1,1,1,1
PROD2,dpadesignmetadata,/appl/di_shareddata,1.00%,,,1.00%,1.00%,1,1,1,1,1,1,1,1,1,1,1,1,1,1,1,1,1,1,1,1,1,1,1,1,1,1,1,1,1,1,1,1,1,1,1,1,1,1,1,1,1,1,1,1,1,1,1,1,1,1,1
PROD2,dpadesignmetadata,/appl/sasbackup,1.00%,,,1.00%,1.00%,1,1,1,1,1,1,1,1,1,1,1,1,1,1,1,1,1,1,1,1,1,1,1,1,1,1,1,1,1,1,1,1,1,1,1,1,1,1,1,1,1,1,1,1,1,1,1,1,1,1,1
PROD2,dpadesignmetadata,/appl/sashome,20.00%,,,20.00%,20.00%,20,20,20,20,20,20,20,20,20,20,20,20,20,20,20,20,20,20,20,20,20,20,20,20,20,20,20,20,20,20,20,20,20,20,20,20,20,20,20,20,20,20,20,20,20,20,20,20,20,20,20
PROD2,dpadesignmetadata,/appl/saslogs,1.00%,,,1.00%,1.00%,1,1,1,1,1,1,1,1,1,1,1,1,1,1,1,1,1,1,1,1,1,1,1,1,1,1,1,1,1,1,1,1,1,1,1,1,1,1,1,1,1,1,1,1,1,1,1,1,1,1,1
PROD2,dpadesignmetadata,/dev,0.00%,,,0.00%,0.00%,0,0,0,0,0,0,0,0,0,0,0,0,0,0,0,0,0,0,0,0,0,0,0,0,0,0,0,0,0,0,0,0,0,0,0,0,0,0,0,0,0,0,0,0,0,0,0,0,0,0,0
PROD2,dpadesignmetadata,/work,46.00%,,,46.00%,46.00%,46,46,46,46,46,46,46,46,46,46,46,46,46,46,46,46,46,46,46,46,46,46,46,46,46,46,46,46,46,46,46,46,46,46,46,46,46,46,46,46,46,46,46,46,46,46,46,46,46,46,46
PROD2,dpadesignmidtier,/,20.00%,,,20.00%,19.00%,20,19,19,19,20,19,19,19,19,19,19,19,19,19,19,19,19,19,19,20,19,19,19,19,19,20,20,20,20,20,20,20,20,20,21,21,20,22,21,21,23,24,25,24,24,24,24,24,24,24,25
PROD2,dpadesignmidtier,/appl/config,36.00%,,,44.00%,44.00%,49,25,29,30,36,38,42,44,48,51,51,53,56,61,66,29,30,31,27,34,36,39,42,35,39,46,50,34,41,41,31,31,38,41,47,49,31,41,44,47,28,38,42,45,48,31,37,34,40,38,37
PROD2,dpadesignmidtier,/appl/depot,1.00%,,,1.00%,1.00%,1,1,1,1,1,1,1,1,1,1,1,1,1,1,1,1,1,1,1,1,1,1,1,1,1,1,1,1,1,1,1,1,1,1,1,1,1,1,1,1,1,1,1,1,1,1,1,1,1,1,1
PROD2,dpadesignmidtier,/appl/di_shareddata,1.00%,,,1.00%,1.00%,1,1,1,1,1,1,1,1,1,1,1,1,1,1,1,1,1,1,1,1,1,1,1,1,1,1,1,1,1,1,1,1,1,1,1,1,1,1,1,1,1,1,1,1,1,1,1,1,1,1,1
PROD2,dpadesignmidtier,/appl/sasbackup,1.00%,,,1.00%,1.00%,1,1,1,1,1,1,1,1,1,1,1,1,1,1,1,1,1,1,1,1,1,1,1,1,1,1,1,1,1,1,1,1,1,1,1,1,1,1,1,1,1,1,1,1,1,1,1,1,1,1,1
PROD2,dpadesignmidtier,/appl/sashome,40.00%,,,40.00%,40.00%,40,40,40,40,40,40,40,40,40,40,40,40,40,40,40,40,40,40,40,40,40,40,40,40,40,40,40,40,40,40,40,40,40,40,40,40,40,40,40,40,40,40,40,40,40,40,40,40,40,40,40
PROD2,dpadesignmidtier,/appl/saslogs,1.00%,,,1.00%,1.00%,1,1,1,1,1,1,1,1,1,1,1,1,1,1,1,1,1,1,1,1,1,1,1,1,1,1,1,1,1,1,1,1,1,1,1,1,1,1,1,1,1,1,1,1,1,1,1,1,1,1,1
PROD2,dpadesignmidtier,/dev,0.00%,,,0.00%,0.00%,0,0,0,0,0,0,0,0,0,0,0,0,0,0,0,0,0,0,0,0,0,0,0,0,0,0,0,0,0,0,0,0,0,0,0,0,0,0,0,0,0,0,0,0,0,0,0,0,0,0,0
PROD2,dpadesignmidtier,/work,25.00%,,,25.00%,25.00%,25,25,25,25,25,25,25,25,25,25,25,25,25,25,25,25,25,25,25,25,25,25,25,25,25,25,25,25,25,25,25,25,25,25,25,25,25,25,25,25,25,25,25,25,25,25,25,25,25,25,25
PROD2,dpadesignrtdm,/,12.00%,,,12.00%,11.00%,12,11,11,11,11,11,11,11,11,11,11,11,11,11,11,11,11,11,11,11,11,11,11,11,11,11,12,12,12,12,12,12,12,12,12,12,12,13,12,12,14,14,15,14,14,14,14,14,14,14,15
PROD2,dpadesignrtdm,/appl/depot,1.00%,,,1.00%,1.00%,1,1,1,1,1,1,1,1,1,1,1,1,1,1,1,1,1,1,1,1,1,1,1,1,1,1,1,1,1,1,1,1,1,1,1,1,1,1,1,1,1,1,1,1,1,1,1,1,1,1,1
PROD2,dpadesignrtdm,/appl/di_shareddata,1.00%,,,1.00%,1.00%,1,1,1,1,1,1,1,1,1,1,1,1,1,1,1,1,1,1,1,1,1,1,1,1,1,1,1,1,1,1,1,1,1,1,1,1,1,1,1,1,1,1,1,1,1,1,1,1,1,1,1
PROD2,dpadesignrtdm,/appl/sasbackup,1.00%,,,1.00%,1.00%,1,1,1,1,1,1,1,1,1,1,1,1,1,1,1,1,1,1,1,1,1,1,1,1,1,1,1,1,1,1,1,1,1,1,1,1,1,1,1,1,1,1,1,1,1,1,1,1,1,1,1
PROD2,dpadesignrtdm,/appl/sasconfig,8.00%,,,8.00%,8.00%,8,9,9,9,9,9,9,9,9,9,9,9,9,9,9,9,9,10,10,10,10,10,10,10,10,10,10,10,10,10,10,10,10,10,10,10,10,10,10,10,10,10,10,10,10,10,10,10,10,10,10
PROD2,dpadesignrtdm,/appl/sasdata,1.00%,,,1.00%,1.00%,1,1,1,1,1,1,1,1,1,1,1,1,1,1,1,1,1,1,1,1,1,1,1,1,1,1,1,1,1,1,1,1,1,1,1,1,1,1,1,1,1,1,1,1,1,1,1,1,1,1,1
PROD2,dpadesignrtdm,/appl/sashome,20.00%,,,20.00%,20.00%,20,20,20,20,20,20,20,20,20,20,20,20,20,20,20,20,20,20,20,20,20,20,20,20,20,20,20,20,20,20,20,20,20,20,20,20,20,20,20,20,20,20,20,20,20,20,20,20,20,20,20
PROD2,dpadesignrtdm,/appl/saslogs,1.00%,,,1.00%,1.00%,1,1,1,1,1,1,1,1,1,1,1,1,1,1,1,1,1,1,1,1,1,1,1,1,1,1,1,1,1,1,1,1,1,1,1,1,1,1,1,1,1,1,1,1,1,1,1,1,1,1,1
PROD2,dpadesignrtdm,/dev,0.00%,,,0.00%,0.00%,0,0,0,0,0,0,0,0,0,0,0,0,0,0,0,0,0,0,0,0,0,0,0,0,0,0,0,0,0,0,0,0,0,0,0,0,0,0,0,0,0,0,0,0,0,0,0,0,0,0,0
PROD2,dpadesignrtdm,/work,57.00%,,,57.00%,57.00%,57,57,57,57,57,57,57,57,57,57,57,57,57,57,57,57,57,57,57,57,57,57,57,57,57,57,57,57,57,57,57,57,57,57,57,57,57,57,57,57,57,57,57,57,57,57,57,57,57,57,57
PROD2,dpadicompute,/,57.00%,,,57.00%,56.00%,58,57,57,57,56,56,56,56,56,56,56,56,56,57,57,57,57,58,58,58,58,57,58,58,58,58,59,59,60,59,60,59,59,61,61,60,61,62,60,61,61,61,62,61,61,61,60,61,62,61,63
PROD2,dpadicompute,/appl/depot,1.00%,,,1.00%,1.00%,1,1,1,1,1,1,1,1,1,1,1,1,1,1,1,1,1,1,1,1,1,1,1,1,1,1,1,1,1,1,1,1,1,1,1,1,1,1,1,1,1,1,1,1,1,1,1,1,1,1,1
PROD2,dpadicompute,/appl/di_shareddata,1.00%,,,1.00%,1.00%,1,1,1,1,1,1,1,1,1,1,1,1,1,1,1,1,1,1,1,1,1,1,1,1,1,1,1,1,1,1,1,1,1,1,1,1,1,1,1,1,1,1,1,1,1,1,1,1,1,1,1
PROD2,dpadicompute,/appl/sasbackup,1.00%,,,1.00%,1.00%,1,1,1,1,1,1,1,1,1,1,1,1,1,1,1,1,1,1,1,1,1,1,1,1,1,1,1,1,1,1,1,1,1,1,1,1,1,1,1,1,1,1,1,1,1,1,1,1,1,1,1
PROD2,dpadicompute,/appl/sasdata,1.00%,,,1.00%,1.00%,1,1,1,1,1,1,1,1,1,1,1,1,1,1,1,1,1,1,1,1,1,1,1,1,1,1,1,1,1,1,1,1,1,1,1,1,1,1,1,1,1,1,1,1,1,1,1,1,1,1,1
PROD2,dpadicompute,/appl/saslogs,1.00%,,,1.00%,1.00%,1,1,1,1,1,1,1,1,1,1,1,1,1,1,1,1,1,1,1,1,1,1,1,1,1,1,1,1,1,1,1,1,1,1,1,1,1,1,1,1,1,1,1,1,1,1,1,1,1,1,1
PROD2,dpadicompute,/dev,0.00%,,,0.00%,0.00%,0,0,0,0,0,0,0,0,0,0,0,0,0,0,0,0,0,0,0,0,0,0,0,0,0,0,0,0,0,0,0,0,0,0,0,0,0,0,0,0,0,0,0,0,0,0,0,0,0,0,0
PROD2,dpadicompute,/sas,44.00%,,,77.00%,69.00%,68,54,79,71,75,77,52,59,59,58,65,75,76,72,73,46,51,52,59,51,54,54,57,58,66,61,63,73,69,64,75,49,49,59,70,68,78,78,71,55,66,61,68,79,72,75,78,60,69,80,57
PROD2,dpadicompute,/work,1.00%,,,1.00%,1.00%,1,3,3,1,1,1,1,1,1,1,1,1,1,3,1,1,1,1,1,1,1,1,1,1,2,1,4,1,1,1,1,1,1,1,67,1,1,1,1,3,1,1,1,1,1,1,1,3,1,1,1
PROD2,dpaespdistrib,/,47.00%,,,67.00%,76.00%,73,22,22,36,36,36,37,37,38,38,38,38,48,48,48,48,49,65,64,67,20,21,21,21,22,22,22,22,22,22,22,22,23,22,23,23,23,22,23,23,23,24,23,23,24,23,24,24,24,25,24
PROD2,dpaespdistrib,/appl/di_shareddata,1.00%,,,1.00%,1.00%,1,1,1,1,1,1,1,1,1,1,1,1,1,1,1,1,1,1,1,1,1,1,1,1,1,1,1,1,1,1,1,1,1,1,1,1,1,1,1,1,1,1,1,1,1,1,1,1,1,1,1
PROD2,dpaespdistrib,/appl/sasbackup/esp11,1.00%,,,1.00%,1.00%,1,1,1,1,1,1,1,1,1,1,1,1,1,1,1,1,1,1,1,1,1,1,1,1,1,1,1,1,1,1,1,1,1,1,1,1,1,1,1,1,1,1,1,1,1,1,1,1,1,1,1
PROD2,dpaespdistrib,/dev,0.00%,,,0.00%,0.00%,0,0,0,0,0,0,0,0,0,0,0,0,0,0,0,0,0,0,0,0,0,0,0,0,0,0,0,0,0,0,0,0,0,0,0,0,0,0,0,0,0,0,0,0,0,0,0,0,0,0,0
PROD2,dpaespdistrib,/logs/esp11,35.00%,,,26.00%,45.00%,35,40,45,57,39,50,32,42,26,43,46,48,48,47,55,53,34,70,67,68,68,71,78,38,43,44,47,47,50,44,54,44,50,71,74,62,63,59,63,50,49,48,43,55,52,48,56,54,58,56,50
PROD2,dpaespdistrib,/opt/sas/viya/config,1.00%,,,1.00%,1.00%,1,1,1,1,1,1,1,1,1,1,1,1,1,1,1,1,1,1,1,1,1,1,1,1,1,1,1,1,1,1,1,1,1,1,1,1,1,1,1,1,1,1,1,1,1,1,1,1,1,1,1
PROD2,dpaespdistrib,/opt/sas/viya/data,1.00%,,,1.00%,1.00%,1,1,1,1,1,1,1,1,1,1,1,1,1,1,1,1,1,1,1,1,1,1,1,1,1,1,1,1,1,1,1,1,1,1,1,1,1,1,1,1,1,1,1,1,1,1,1,1,1,1,1
PROD2,dpaespdistrib,/opt/sas/viya/home,1.00%,,,1.00%,1.00%,1,1,1,1,1,1,1,1,1,1,1,1,1,1,1,1,1,1,1,1,1,1,1,1,1,1,1,1,1,1,1,1,1,1,1,1,1,1,1,1,1,1,1,1,1,1,1,1,1,1,1
PROD2,dpaespdistrib,/usr/bin2,1.00%,,,1.00%,1.00%,1,1,1,1,1,1,1,1,1,1,1,1,1,1,1,1,1,1,1,1,1,1,1,1,1,1,1,1,1,1,1,1,1,1,1,1,1,1,1,1,1,1,1,1,1,1,1,1,1,1,1
PROD2,dpaespeventstreammgr,/,33.00%,,,33.00%,33.00%,33,33,33,33,33,33,33,33,33,34,33,34,34,34,34,34,34,34,34,34,34,34,34,34,34,34,34,34,35,34,34,35,35,35,35,35,35,35,35,35,38,38,38,38,38,38,38,38,38,38,38
PROD2,dpaespeventstreammgr,/appl/di_shareddata,1.00%,,,1.00%,1.00%,1,1,1,1,1,1,1,1,1,1,1,1,1,1,1,1,1,1,1,1,1,1,1,1,1,1,1,1,1,1,1,1,1,1,1,1,1,1,1,1,1,1,1,1,1,1,1,1,1,1,1
PROD2,dpaespeventstreammgr,/appl/repo,1.00%,,,1.00%,1.00%,1,1,1,1,1,1,1,1,1,1,1,1,1,1,1,1,1,1,1,1,1,1,1,1,1,1,1,1,1,1,1,1,1,1,1,1,1,1,1,1,1,1,1,1,1,1,1,1,1,1,1
PROD2,dpaespeventstreammgr,/appl/sasbackup,1.00%,,,1.00%,1.00%,1,1,1,1,1,1,1,1,1,1,1,1,1,1,1,1,1,1,1,1,1,1,1,1,1,1,1,1,1,1,1,1,1,1,1,1,1,1,1,1,1,1,1,1,1,1,1,1,1,1,1
PROD2,dpaespeventstreammgr,/appl/saslogs,1.00%,,,1.00%,1.00%,1,1,1,1,1,1,1,1,1,1,1,1,1,1,1,1,1,1,1,1,1,1,1,1,1,1,1,1,1,1,1,1,1,1,1,1,1,1,1,1,1,1,1,1,1,1,1,1,1,1,1
PROD2,dpaespeventstreammgr,/dev,0.00%,,,0.00%,0.00%,0,0,0,0,0,0,0,0,0,0,0,0,0,0,0,0,0,0,0,0,0,0,0,0,0,0,0,0,0,0,0,0,0,0,0,0,0,0,0,0,0,0,0,0,0,0,0,0,0,0,0
PROD2,dpaespeventstreammgr,/opt/sas/viya/config,24.00%,,,25.00%,26.00%,26,27,27,27,28,28,28,29,29,29,30,30,31,31,31,32,32,32,33,33,34,34,34,35,35,36,36,36,37,37,37,38,38,39,39,39,40,40,41,41,41,42,42,43,43,43,44,44,45,45,45
PROD2,dpaespeventstreammgr,/opt/sas/viya/home,4.00%,,,4.00%,4.00%,4,4,4,4,4,4,4,4,4,4,4,4,4,4,4,4,4,4,4,4,4,4,4,4,4,4,4,4,4,4,4,4,4,4,4,4,4,4,4,4,4,4,4,4,4,4,4,4,4,4,4
PROD2,dpaespkwik01,/,58.00%,,,58.00%,58.00%,59,60,60,61,62,62,60,61,61,61,61,61,61,61,61,61,61,62,64,64,64,64,65,65,65,65,65,66,66,65,66,66,66,67,67,67,67,68,67,67,67,68,68,68,68,69,69,69,69,68,69
PROD2,dpaespkwik01,/appl/di_shareddata,1.00%,,,1.00%,1.00%,1,1,1,1,1,1,1,1,1,1,1,1,1,1,1,1,1,1,1,1,1,1,1,1,1,1,1,1,1,1,1,1,1,1,1,1,1,1,1,1,1,1,1,1,1,1,1,1,1,1,1
PROD2,dpaespkwik01,/appl/sasbackup,1.00%,,,1.00%,1.00%,1,1,1,1,1,1,1,1,1,1,1,1,1,1,1,1,1,1,1,1,1,1,1,1,1,1,1,1,1,1,1,1,1,1,1,1,1,1,1,1,1,1,1,1,1,1,1,1,1,1,1
PROD2,dpaespkwik01,/dev,0.00%,,,0.00%,0.00%,0,0,0,0,0,0,0,0,0,0,0,0,0,0,0,0,0,0,0,0,0,0,0,0,0,0,0,0,0,0,0,0,0,0,0,0,0,0,0,0,0,0,0,0,0,0,0,0,0,0,0
PROD2,dpaespkwik01,/logs,1.00%,,,1.00%,1.00%,1,1,1,1,1,1,1,1,1,1,1,1,1,1,1,1,1,1,1,1,1,1,1,1,1,1,1,1,1,1,1,1,1,1,1,1,1,1,1,1,1,1,1,1,1,1,1,1,1,1,1
PROD2,dpaespkwik01,/opt/sas/viya/config,9.00%,,,10.00%,11.00%,11,13,15,18,22,20,23,27,29,27,30,35,35,36,34,37,40,44,42,44,46,46,49,50,53,55,57,61,59,60,63,64,65,68,69,71,73,77,77,79,79,26,27,27,27,27,28,28,29,29,29
PROD2,dpaespkwik01,/opt/sas/viya/data,20.00%,,,20.00%,20.00%,20,20,20,21,21,21,21,20,20,21,21,20,20,20,20,20,20,20,20,20,20,20,20,20,20,20,20,20,20,20,20,20,20,20,20,20,20,20,20,20,20,20,20,20,20,20,20,20,20,20,20
PROD2,dpaespkwik01,/opt/sas/viya/home,11.00%,,,11.00%,11.00%,11,11,11,11,11,11,11,11,11,11,11,11,11,11,11,11,11,11,11,11,11,11,11,11,11,11,11,11,11,11,11,11,11,11,11,11,11,11,11,11,11,11,11,11,11,11,11,11,11,11,11
PROD2,dpaespkwik01,/usr/bin,2.00%,,,2.00%,2.00%,2,2,2,2,2,2,2,2,2,2,2,2,2,2,2,2,2,2,2,2,2,2,2,2,2,2,2,2,2,2,2,2,2,2,2,2,2,2,2,2,2,2,2,2,2,2,2,2,2,2,2
PROD2,dpaespkwik02,/,50.00%,,,50.00%,50.00%,51,51,51,52,52,52,52,52,52,52,52,52,52,52,52,52,52,52,52,52,52,52,52,52,52,52,53,53,53,53,53,53,53,53,53,53,53,53,53,53,53,53,53,53,53,53,53,53,53,53,54
PROD2,dpaespkwik02,/appl/di_shareddata,1.00%,,,1.00%,1.00%,1,1,1,1,1,1,1,1,1,1,1,1,1,1,1,1,1,1,1,1,1,1,1,1,1,1,1,1,1,1,1,1,1,1,1,1,1,1,1,1,1,1,1,1,1,1,1,1,1,1,1
PROD2,dpaespkwik02,/appl/sasbackup,1.00%,,,1.00%,1.00%,1,1,1,1,1,1,1,1,1,1,1,1,1,1,1,1,1,1,1,1,1,1,1,1,1,1,1,1,1,1,1,1,1,1,1,1,1,1,1,1,1,1,1,1,1,1,1,1,1,1,1
PROD2,dpaespkwik02,/dev,0.00%,,,0.00%,0.00%,0,0,0,0,0,0,0,0,0,0,0,0,0,0,0,0,0,0,0,0,0,0,0,0,0,0,0,0,0,0,0,0,0,0,0,0,0,0,0,0,0,0,0,0,0,0,0,0,0,0,0
PROD2,dpaespkwik02,/logs,1.00%,,,1.00%,1.00%,1,1,1,1,1,1,1,1,1,1,1,1,1,1,1,1,1,1,1,1,1,1,1,1,1,1,1,1,1,1,1,1,1,1,1,1,1,1,1,1,1,1,1,1,1,1,1,1,1,1,1
PROD2,dpaespkwik02,/opt/sas/viya/config,9.00%,,,11.00%,11.00%,14,17,21,23,25,22,26,27,32,33,30,34,37,40,36,39,42,46,48,45,49,53,56,54,56,58,61,63,64,66,68,72,74,73,79,80,71,75,77,77,80,30,30,31,31,31,32,32,32,33,33
PROD2,dpaespkwik02,/opt/sas/viya/data,20.00%,,,20.00%,20.00%,20,20,20,20,20,20,20,20,20,20,20,20,20,20,20,20,20,20,20,20,20,20,20,20,20,20,20,20,20,20,20,20,20,20,20,20,20,20,20,20,20,20,20,20,20,20,20,20,20,20,20
PROD2,dpaespkwik02,/opt/sas/viya/home,11.00%,,,11.00%,11.00%,11,11,11,11,11,11,11,11,11,11,11,11,11,11,11,11,11,11,11,11,11,11,11,11,11,11,11,11,11,11,11,11,11,11,11,11,11,11,11,11,11,11,11,11,11,11,11,11,11,11,11
PROD2,dpaespkwik02,/python,1.00%,,,1.00%,1.00%,1,1,1,1,1,1,1,1,1,1,1,1,1,1,1,1,1,1,1,1,1,1,1,1,1,1,1,1,1,1,1,1,1,1,1,1,1,1,1,1,1,1,1,1,1,1,1,1,1,1,1
PROD2,dpaespprocessors00,/,66.00%,,,65%,65.00%,66,65,65,65,65,64,63,61,60,61,61,62,62,62,63,63,63,64,64,65,65,65,65,65,65,65,66,66,66,65,65,66,66,66,66,66,66,67,66,66,69,69,69,69,69,69,69,69,69,69,70
PROD2,dpaespprocessors00,/appl/di_shareddata,1.00%,,,1.00%,1.00%,1,1,1,1,1,1,1,1,1,1,1,1,1,1,1,1,1,1,1,1,1,1,1,1,1,1,1,1,1,1,1,1,1,1,1,1,1,1,1,1,1,1,1,1,1,1,1,1,1,1,1
PROD2,dpaespprocessors00,/appl/sasbackup,1.00%,,,1.00%,1.00%,1,1,1,1,1,1,1,1,1,1,1,1,1,1,1,1,1,1,1,1,1,1,1,1,1,1,1,1,1,1,1,1,1,1,1,1,1,1,1,1,1,1,1,1,1,1,1,1,1,1,1
PROD2,dpaespprocessors00,/dev,0.00%,,,0.00%,0.00%,0,0,0,0,0,0,0,0,0,0,0,0,0,0,0,0,0,0,0,0,0,0,0,0,0,0,0,0,0,0,0,0,0,0,0,0,0,0,0,0,0,0,0,0,0,0,0,0,0,0,0
PROD2,dpaespprocessors00,/logs,1.00%,,,1.00%,1.00%,1,1,1,1,1,1,1,1,1,1,1,1,1,1,1,1,1,1,1,1,1,1,1,1,1,1,1,1,1,1,1,1,1,1,1,1,1,1,1,1,1,1,1,1,1,1,1,1,1,1,1
PROD2,dpaespprocessors00,/opt/sas/viya/config,6.00%,,,5.00%,6.00%,7,7,7,6,7,7,7,7,7,7,7,8,8,8,8,9,9,9,9,9,9,9,9,9,9,10,10,10,10,10,12,12,12,12,12,13,13,13,13,13,13,13,13,13,14,14,14,14,14,14,14
PROD2,dpaespprocessors00,/opt/sas/viya/data,40.00%,,,51.00%,50.00%,58,63,43,59,70,63,67,47,65,48,70,66,65,59,42,40,64,55,61,30,53,50,45,47,47,43,60,59,56,58,58,42,60,60,58,58,63,57,60,38,59,57,66,61,60,53,48,61,57,60,60
PROD2,dpaespprocessors00,/opt/sas/viya/home,8.00%,,,6.00%,8.00%,8,8,8,8,8,8,8,8,8,8,8,8,8,8,8,8,8,8,8,8,8,8,8,8,8,8,8,8,8,8,8,8,8,8,8,8,8,8,8,8,8,8,8,8,8,8,8,8,8,8,8
PROD2,dpaespprocessors00,/usr/bin,2.00%,,,2.00%,2.00%,2,2,2,2,2,2,2,2,2,2,2,2,2,2,2,2,2,2,2,2,2,2,2,2,2,2,2,2,2,2,2,2,2,2,2,2,2,2,2,2,2,2,2,2,2,2,2,2,2,2,2
PROD2,dpaespprocessors01,/,68.00%,,,68.00%,67.00%,68,67,67,67,68,66,65,64,63,63,63,64,64,65,65,65,66,66,67,67,67,67,67,67,67,67,68,68,68,68,68,68,68,68,68,69,69,69,69,69,71,72,72,71,71,71,71,71,71,71,72
PROD2,dpaespprocessors01,/appl/di_shareddata,1.00%,,,1.00%,1.00%,1,1,1,1,1,1,1,1,1,1,1,1,1,1,1,1,1,1,1,1,1,1,1,1,1,1,1,1,1,1,1,1,1,1,1,1,1,1,1,1,1,1,1,1,1,1,1,1,1,1,1
PROD2,dpaespprocessors01,/appl/sasbackup,1.00%,,,1.00%,1.00%,1,1,1,1,1,1,1,1,1,1,1,1,1,1,1,1,1,1,1,1,1,1,1,1,1,1,1,1,1,1,1,1,1,1,1,1,1,1,1,1,1,1,1,1,1,1,1,1,1,1,1
PROD2,dpaespprocessors01,/dev,0.00%,,,0.00%,0.00%,0,0,0,0,0,0,0,0,0,0,0,0,0,0,0,0,0,0,0,0,0,0,0,0,0,0,0,0,0,0,0,0,0,0,0,0,0,0,0,0,0,0,0,0,0,0,0,0,0,0,0
PROD2,dpaespprocessors01,/logs,1.00%,,,1.00%,1.00%,1,1,1,1,1,1,1,1,1,1,1,1,1,1,1,1,1,1,1,1,1,1,1,1,1,1,1,1,1,1,1,1,1,1,1,1,1,1,1,1,1,1,1,1,1,1,1,1,1,1,1
PROD2,dpaespprocessors01,/opt/sas/viya/config,5.00%,,,5.00%,5.00%,6,6,6,6,6,7,6,6,6,6,6,7,7,6,7,7,8,8,8,8,8,8,8,8,8,10,10,10,10,10,10,10,10,10,8,9,9,9,9,9,10,10,10,10,11,11,11,11,11,11,11
PROD2,dpaespprocessors01,/opt/sas/viya/data,52.00%,,,51.00%,44.00%,55,55,33,53,64,57,60,40,59,40,64,61,64,52,35,31,58,55,55,28,43,51,38,48,50,53,55,55,55,51,50,53,55,57,59,51,54,50,61,31,61,50,54,64,49,46,36,51,56,58,56
PROD2,dpaespprocessors01,/opt/sas/viya/home,6.00%,,,6.00%,6.00%,6,6,6,6,6,6,6,6,6,6,6,6,6,6,6,6,6,6,6,6,6,6,6,6,6,6,6,6,6,6,6,6,6,6,6,6,6,6,6,6,6,6,6,6,6,6,6,6,6,6,6
PROD2,dpaespprocessors01,/usr/bin,2.00%,,,2.00%,2.00%,2,2,2,2,2,2,2,2,2,2,2,2,2,2,2,2,2,2,2,2,2,2,2,2,2,2,2,2,2,2,2,2,2,2,2,2,2,2,2,2,2,2,2,2,2,2,2,2,2,2,2
PROD2,dpaespprocessors02,/,68.00%,,,68.00%,68.00%,68,67,67,67,68,66,65,64,63,63,63,64,65,65,65,65,66,67,67,67,68,67,68,68,68,68,68,68,68,68,68,68,68,68,68,68,69,69,69,69,71,72,72,71,71,71,72,71,71,71,72
PROD2,dpaespprocessors02,/appl/di_shareddata,1.00%,,,1.00%,1.00%,1,1,1,1,1,1,1,1,1,1,1,1,1,1,1,1,1,1,1,1,1,1,1,1,1,1,1,1,1,1,1,1,1,1,1,1,1,1,1,1,1,1,1,1,1,1,1,1,1,1,1
PROD2,dpaespprocessors02,/appl/sasbackup,1.00%,,,1.00%,1.00%,1,1,1,1,1,1,1,1,1,1,1,1,1,1,1,1,1,1,1,1,1,1,1,1,1,1,1,1,1,1,1,1,1,1,1,1,1,1,1,1,1,1,1,1,1,1,1,1,1,1,1
PROD2,dpaespprocessors02,/dev,0.00%,,,0.00%,0.00%,0,0,0,0,0,0,0,0,0,0,0,0,0,0,0,0,0,0,0,0,0,0,0,0,0,0,0,0,0,0,0,0,0,0,0,0,0,0,0,0,0,0,0,0,0,0,0,0,0,0,0
PROD2,dpaespprocessors02,/logs,1.00%,,,1.00%,1.00%,1,1,1,1,1,1,1,1,1,1,1,1,1,1,1,1,1,1,1,1,1,1,1,1,1,1,1,1,1,1,1,1,1,1,1,1,1,1,1,1,1,1,1,1,1,1,1,1,1,1,1
PROD2,dpaespprocessors02,/opt/sas/viya/config,5.00%,,,5.00%,5.00%,5,6,6,6,6,7,7,7,7,7,7,8,8,8,8,9,9,9,9,9,9,9,9,9,9,9,10,10,10,10,12,12,12,12,12,13,13,13,13,13,13,13,13,13,13,14,14,14,14,14,14
PROD2,dpaespprocessors02,/opt/sas/viya/data,47.00%,,,47.00%,37.00%,49,50,27,46,58,52,55,35,53,35,59,55,59,58,30,26,57,49,59,25,45,46,46,42,53,54,50,50,50,45,46,59,59,59,59,59,59,59,59,27,57,59,58,59,59,41,52,47,59,51,50
PROD2,dpaespprocessors02,/opt/sas/viya/home,6.00%,,,6.00%,6.00%,6,6,6,6,6,6,6,6,6,6,6,6,6,6,6,6,6,6,6,6,6,6,6,6,6,6,6,6,6,6,6,6,6,6,6,6,6,6,6,6,6,6,6,6,6,6,6,6,6,6,6
PROD2,dpaespprocessors02,/usr/bin,2.00%,,,2.00%,2.00%,2,2,2,2,2,2,2,2,2,2,2,2,2,2,2,2,2,2,2,2,2,2,2,2,2,2,2,2,2,2,2,2,2,2,2,2,2,2,2,2,2,2,2,2,2,2,2,2,2,2,2
PROD2,dpaespprocessors03,/,68.00%,,,68.00%,68.00%,68,67,67,67,67,66,65,64,63,63,63,64,65,65,65,65,66,66,67,67,68,68,67,67,67,67,68,68,68,68,68,68,68,68,68,68,69,69,69,69,71,71,72,71,71,71,71,71,71,71,72
PROD2,dpaespprocessors03,/appl/di_shareddata,1.00%,,,1.00%,1.00%,1,1,1,1,1,1,1,1,1,1,1,1,1,1,1,1,1,1,1,1,1,1,1,1,1,1,1,1,1,1,1,1,1,1,1,1,1,1,1,1,1,1,1,1,1,1,1,1,1,1,1
PROD2,dpaespprocessors03,/appl/sasbackup,1.00%,,,1.00%,1.00%,1,1,1,1,1,1,1,1,1,1,1,1,1,1,1,1,1,1,1,1,1,1,1,1,1,1,1,1,1,1,1,1,1,1,1,1,1,1,1,1,1,1,1,1,1,1,1,1,1,1,1
PROD2,dpaespprocessors03,/dev,0.00%,,,0.00%,0.00%,0,0,0,0,0,0,0,0,0,0,0,0,0,0,0,0,0,0,0,0,0,0,0,0,0,0,0,0,0,0,0,0,0,0,0,0,0,0,0,0,0,0,0,0,0,0,0,0,0,0,0
PROD2,dpaespprocessors03,/logs,1.00%,,,1.00%,1.00%,1,1,1,1,1,1,1,1,1,1,1,1,1,1,1,1,1,1,1,1,1,1,1,1,1,1,1,1,1,1,1,1,1,1,1,1,1,1,1,1,1,1,1,1,1,1,1,1,1,1,1
PROD2,dpaespprocessors03,/opt/sas/viya/config,4.00%,,,5.00%,5.00%,5,6,6,6,6,7,7,6,6,6,6,7,7,7,7,7,8,8,8,8,8,8,8,8,8,9,10,10,10,10,10,10,8,8,9,9,9,9,9,9,10,10,10,10,10,11,11,11,11,11,11
PROD2,dpaespprocessors03,/opt/sas/viya/data,47.00%,,,47.00%,38.00%,49,50,30,47,58,52,55,34,53,35,58,54,59,59,30,25,58,49,58,20,48,47,47,43,53,54,49,49,49,45,45,58,58,58,58,58,59,59,58,25,54,57,58,59,59,40,52,47,58,59,50
PROD2,dpaespprocessors03,/opt/sas/viya/home,6.00%,,,6.00%,6.00%,6,6,6,6,6,6,6,6,6,6,6,6,6,6,6,6,6,6,6,6,6,6,6,6,6,6,6,6,6,6,6,6,6,6,6,6,6,6,6,6,6,6,6,6,6,6,6,6,6,6,6
PROD2,dpaespprocessors03,/usr/bin,2.00%,,,2.00%,2.00%,2,2,2,2,2,2,2,2,2,2,2,2,2,2,2,2,2,2,2,2,2,2,2,2,2,2,2,2,2,2,2,2,2,2,2,2,2,2,2,2,2,2,2,2,2,2,2,2,2,2,2
PROD2,dpaespprocessors04,/,68.00%,,,68.00%,68.00%,68,67,67,67,68,66,65,64,63,63,63,64,65,65,65,65,66,66,67,67,68,67,67,67,67,67,68,68,68,68,68,68,68,68,68,68,69,69,69,69,71,72,72,71,71,71,71,71,71,71,72
PROD2,dpaespprocessors04,/appl/di_shareddata,1.00%,,,1.00%,1.00%,1,1,1,1,1,1,1,1,1,1,1,1,1,1,1,1,1,1,1,1,1,1,1,1,1,1,1,1,1,1,1,1,1,1,1,1,1,1,1,1,1,1,1,1,1,1,1,1,1,1,1
PROD2,dpaespprocessors04,/appl/sasbackup,1.00%,,,1.00%,1.00%,1,1,1,1,1,1,1,1,1,1,1,1,1,1,1,1,1,1,1,1,1,1,1,1,1,1,1,1,1,1,1,1,1,1,1,1,1,1,1,1,1,1,1,1,1,1,1,1,1,1,1
PROD2,dpaespprocessors04,/dev,0.00%,,,0.00%,0.00%,0,0,0,0,0,0,0,0,0,0,0,0,0,0,0,0,0,0,0,0,0,0,0,0,0,0,0,0,0,0,0,0,0,0,0,0,0,0,0,0,0,0,0,0,0,0,0,0,0,0,0
PROD2,dpaespprocessors04,/logs,1.00%,,,1.00%,1.00%,1,1,1,1,1,1,1,1,1,1,1,1,1,1,1,1,1,1,1,1,1,1,1,1,1,1,1,1,1,1,1,1,1,1,1,1,1,1,1,1,1,1,1,1,1,1,1,1,1,1,1
PROD2,dpaespprocessors04,/opt/sas/viya/config,4.00%,,,5.00%,5.00%,5,6,6,6,6,6,6,6,6,6,7,7,7,7,7,8,8,8,8,8,8,8,9,9,9,9,10,10,10,10,10,10,10,10,8,9,9,9,9,9,10,10,10,10,10,11,11,11,11,11,11
PROD2,dpaespprocessors04,/opt/sas/viya/data,47.00%,,,47.00%,37.00%,49,50,27,47,58,53,55,35,53,35,58,55,59,59,30,25,57,49,59,23,45,46,47,44,54,55,49,50,50,45,45,58,59,58,58,59,59,58,58,26,56,58,59,58,60,40,52,47,59,59,50
PROD2,dpaespprocessors04,/opt/sas/viya/home,6.00%,,,6.00%,6.00%,6,6,6,6,6,6,6,6,6,6,6,6,6,6,6,6,6,6,6,6,6,6,6,6,6,6,6,6,6,6,6,6,6,6,6,6,6,6,6,6,6,6,6,6,6,6,6,6,6,6,6
PROD2,dpaespprocessors04,/usr/bin,2.00%,,,2.00%,2.00%,2,2,2,2,2,2,2,2,2,2,2,2,2,2,2,2,2,2,2,2,2,2,2,2,2,2,2,2,2,2,2,2,2,2,2,2,2,2,2,2,2,2,2,2,2,2,2,2,2,2,2
PROD2,dpaespprocessors05,/,68.00%,,,68.00%,67.00%,68,67,67,67,68,66,65,64,63,63,63,64,65,65,65,65,66,66,67,67,68,67,67,67,67,67,68,68,68,68,68,68,68,68,68,69,68,69,69,68,71,72,72,71,71,71,72,71,71,71,72
PROD2,dpaespprocessors05,/appl/di_shareddata,1.00%,,,1.00%,1.00%,1,1,1,1,1,1,1,1,1,1,1,1,1,1,1,1,1,1,1,1,1,1,1,1,1,1,1,1,1,1,1,1,1,1,1,1,1,1,1,1,1,1,1,1,1,1,1,1,1,1,1
PROD2,dpaespprocessors05,/appl/sasbackup,1.00%,,,1.00%,1.00%,1,1,1,1,1,1,1,1,1,1,1,1,1,1,1,1,1,1,1,1,1,1,1,1,1,1,1,1,1,1,1,1,1,1,1,1,1,1,1,1,1,1,1,1,1,1,1,1,1,1,1
PROD2,dpaespprocessors05,/dev,0.00%,,,0.00%,0.00%,0,0,0,0,0,0,0,0,0,0,0,0,0,0,0,0,0,0,0,0,0,0,0,0,0,0,0,0,0,0,0,0,0,0,0,0,0,0,0,0,0,0,0,0,0,0,0,0,0,0,0
PROD2,dpaespprocessors05,/logs,1.00%,,,1.00%,1.00%,1,1,1,1,1,1,1,1,1,1,1,1,1,1,1,1,1,1,1,1,1,1,1,1,1,1,1,1,1,1,1,1,1,1,1,1,1,1,1,1,1,1,1,1,1,1,1,1,1,1,1
PROD2,dpaespprocessors05,/opt/sas/viya/config,4.00%,,,5.00%,5.00%,5,6,6,6,6,7,6,6,6,6,6,7,7,7,7,7,8,8,8,8,8,8,8,8,8,9,10,10,10,10,10,10,10,10,8,9,9,9,9,9,10,10,10,10,10,11,11,11,11,11,11
PROD2,dpaespprocessors05,/opt/sas/viya/data,46.00%,,,46.00%,37.00%,49,49,29,45,57,50,54,34,52,33,58,53,57,57,29,24,55,47,57,20,44,48,46,44,52,54,49,49,48,45,45,58,59,58,58,58,58,58,58,25,55,58,58,59,58,40,51,48,58,58,50
PROD2,dpaespprocessors05,/opt/sas/viya/home,6.00%,,,6.00%,6.00%,6,6,6,6,6,6,6,6,6,6,6,6,6,6,6,6,6,6,6,6,6,6,6,6,6,6,6,6,6,6,6,6,6,6,6,6,6,6,6,6,6,6,6,6,6,6,6,6,6,6,6
PROD2,dpaespprocessors05,/usr/bin,2.00%,,,2.00%,2.00%,2,2,2,2,2,2,2,2,2,2,2,2,2,2,2,2,2,2,2,2,2,2,2,2,2,2,2,2,2,2,2,2,2,2,2,2,2,2,2,2,2,2,2,2,2,2,2,2,2,2,2
PROD2,dpaespprocessors06,/,68.00%,,,67.00%,67.00%,67,67,67,67,67,66,64,63,62,62,63,64,64,64,64,65,65,66,66,67,67,67,67,67,67,67,67,67,68,67,67,67,68,68,68,68,68,68,68,68,70,71,71,71,71,71,71,71,71,71,72
PROD2,dpaespprocessors06,/appl/di_shareddata,1.00%,,,1.00%,1.00%,1,1,1,1,1,1,1,1,1,1,1,1,1,1,1,1,1,1,1,1,1,1,1,1,1,1,1,1,1,1,1,1,1,1,1,1,1,1,1,1,1,1,1,1,1,1,1,1,1,1,1
PROD2,dpaespprocessors06,/appl/sasbackup,1.00%,,,1.00%,1.00%,1,1,1,1,1,1,1,1,1,1,1,1,1,1,1,1,1,1,1,1,1,1,1,1,1,1,1,1,1,1,1,1,1,1,1,1,1,1,1,1,1,1,1,1,1,1,1,1,1,1,1
PROD2,dpaespprocessors06,/dev,0.00%,,,0.00%,0.00%,0,0,0,0,0,0,0,0,0,0,0,0,0,0,0,0,0,0,0,0,0,0,0,0,0,0,0,0,0,0,0,0,0,0,0,0,0,0,0,0,0,0,0,0,0,0,0,0,0,0,0
PROD2,dpaespprocessors06,/logs,1.00%,,,1.00%,1.00%,1,1,1,1,1,1,1,1,1,1,1,1,1,1,1,1,1,1,1,1,1,1,1,1,1,1,1,1,1,1,1,1,1,1,1,1,1,1,1,1,1,1,1,1,1,1,1,1,1,1,1
PROD2,dpaespprocessors06,/opt/sas/viya/config,4.00%,,,5.00%,5.00%,5,6,6,6,5,6,6,6,6,6,7,7,7,7,7,8,8,8,8,8,8,8,8,8,9,9,10,10,10,10,10,10,10,10,10,11,11,11,11,11,11,11,13,13,13,14,14,14,14,14,14
PROD2,dpaespprocessors06,/opt/sas/viya/data,45.00%,,,46.00%,38.00%,49,51,31,48,59,51,55,36,53,35,59,55,59,59,30,26,57,49,59,25,45,46,45,43,52,53,48,49,49,43,44,57,57,58,57,57,58,57,57,25,55,56,57,57,57,39,51,45,58,57,49
PROD2,dpaespprocessors06,/opt/sas/viya/home,6.00%,,,6.00%,6.00%,6,6,6,6,6,6,6,6,6,6,6,6,6,6,6,6,6,6,6,6,6,6,6,6,6,6,6,6,6,6,6,6,6,6,6,6,6,6,6,6,6,6,6,6,6,6,6,6,6,6,6
PROD2,dpaespprocessors06,/usr/bin,2.00%,,,2.00%,2.00%,2,2,2,2,2,2,2,2,2,2,2,2,2,2,2,2,2,2,2,2,2,2,2,2,2,2,2,2,2,2,2,2,2,2,2,2,2,2,2,2,2,2,2,2,2,2,2,2,2,2,2
PROD2,dpaespprocessors07,/,68.00%,,,67%,66.00%,67,67,67,67,67,66,64,63,62,62,63,63,64,64,64,65,65,66,66,67,67,67,67,67,67,67,67,67,68,67,67,67,68,68,68,68,68,68,68,68,71,71,71,71,71,71,71,71,71,71,72
PROD2,dpaespprocessors07,/appl/di_shareddata,1.00%,,,1.00%,1.00%,1,1,1,1,1,1,1,1,1,1,1,1,1,1,1,1,1,1,1,1,1,1,1,1,1,1,1,1,1,1,1,1,1,1,1,1,1,1,1,1,1,1,1,1,1,1,1,1,1,1,1
PROD2,dpaespprocessors07,/appl/sasbackup,1.00%,,,1.00%,1.00%,1,1,1,1,1,1,1,1,1,1,1,1,1,1,1,1,1,1,1,1,1,1,1,1,1,1,1,1,1,1,1,1,1,1,1,1,1,1,1,1,1,1,1,1,1,1,1,1,1,1,1
PROD2,dpaespprocessors07,/dev,0.00%,,,0.00%,0.00%,0,0,0,0,0,0,0,0,0,0,0,0,0,0,0,0,0,0,0,0,0,0,0,0,0,0,0,0,0,0,0,0,0,0,0,0,0,0,0,0,0,0,0,0,0,0,0,0,0,0,0
PROD2,dpaespprocessors07,/logs,1.00%,,,1.00%,1.00%,1,1,1,1,1,1,1,1,1,1,1,1,1,1,1,1,1,1,1,1,1,1,1,1,1,1,1,1,1,1,1,1,1,1,1,1,1,1,1,1,1,1,1,1,1,1,1,1,1,1,1
PROD2,dpaespprocessors07,/opt/sas/viya/config,4.00%,,,5.00%,5.00%,6,6,6,6,6,6,6,6,6,6,7,7,7,7,7,8,8,8,8,8,8,8,8,9,9,9,10,10,10,10,10,10,10,10,10,11,11,9,9,9,9,10,10,10,10,10,11,11,11,11,11
PROD2,dpaespprocessors07,/opt/sas/viya/data,45.00%,,,46.00%,38.00%,49,50,27,47,59,52,55,35,53,35,59,55,59,59,30,25,56,50,58,24,33,45,44,42,52,53,48,48,48,43,44,57,57,57,57,57,57,57,57,24,55,56,57,57,57,39,50,45,57,57,49
PROD2,dpaespprocessors07,/opt/sas/viya/home,6.00%,,,6.00%,6.00%,6,6,6,6,6,6,6,6,6,6,6,6,6,6,6,6,6,6,6,6,6,6,6,6,6,6,6,6,6,6,6,6,6,6,6,6,6,6,6,6,6,6,6,6,6,6,6,6,6,6,6
PROD2,dpaespprocessors07,/usr/bin,2.00%,,,2.00%,2.00%,2,2,2,2,2,2,2,2,2,2,2,2,2,2,2,2,2,2,2,2,2,2,2,2,2,2,2,2,2,2,2,2,2,2,2,2,2,2,2,2,2,2,2,2,2,2,2,2,2,2,2
PROD2,dpaespprocessors08,/,40.00%,,,40%,39.00%,40,39,39,39,40,38,37,36,35,35,35,36,37,37,37,37,38,38,39,39,39,39,39,39,40,39,40,40,40,40,40,40,40,40,40,40,40,41,41,41,43,43,44,43,43,43,44,43,43,43,44
PROD2,dpaespprocessors08,/appl/di_shareddata,1.00%,,,1.00%,1.00%,1,1,1,1,1,1,1,1,1,1,1,1,1,1,1,1,1,1,1,1,1,1,1,1,1,1,1,1,1,1,1,1,1,1,1,1,1,1,1,1,1,1,1,1,1,1,1,1,1,1,1
PROD2,dpaespprocessors08,/appl/sasbackup,1.00%,,,1.00%,1.00%,1,1,1,1,1,1,1,1,1,1,1,1,1,1,1,1,1,1,1,1,1,1,1,1,1,1,1,1,1,1,1,1,1,1,1,1,1,1,1,1,1,1,1,1,1,1,1,1,1,1,1
PROD2,dpaespprocessors08,/dev,0.00%,,,0.00%,0.00%,0,0,0,0,0,0,0,0,0,0,0,0,0,0,0,0,0,0,0,0,0,0,0,0,0,0,0,0,0,0,0,0,0,0,0,0,0,0,0,0,0,0,0,0,0,0,0,0,0,0,0
PROD2,dpaespprocessors08,/logs,1.00%,,,1.00%,1.00%,1,1,1,1,1,1,1,1,1,1,1,1,1,1,1,1,1,1,1,1,1,1,1,1,1,1,1,1,1,1,1,1,1,1,1,1,1,1,1,1,1,1,1,1,1,1,1,1,1,1,1
PROD2,dpaespprocessors08,/opt/sas/viya/config,4.00%,,,5.00%,5.00%,5,6,6,6,6,6,6,6,6,6,7,7,7,7,6,7,7,7,7,7,7,8,8,8,8,8,9,9,8,8,8,8,9,9,9,9,9,10,10,10,10,9,9,9,9,10,10,10,10,10,10
PROD2,dpaespprocessors08,/opt/sas/viya/data,47.00%,,,45.00%,38.00%,49,49,28,46,57,50,54,34,52,34,58,54,58,58,29,25,54,48,58,23,48,46,46,42,52,53,48,48,48,43,44,57,57,57,57,57,57,57,58,24,53,56,57,57,57,38,51,46,58,57,49
PROD2,dpaespprocessors08,/opt/sas/viya/home,7.00%,,,7.00%,7.00%,7,7,7,7,7,7,7,7,7,7,7,7,7,7,7,7,7,7,7,7,7,7,7,7,7,7,7,7,7,7,7,7,7,7,7,7,7,7,7,7,7,7,7,7,7,7,7,7,7,7,7
PROD2,dpaespprocessors08,/usr/bin,2.00%,,,2.00%,2.00%,2,2,2,2,2,2,2,2,2,2,2,2,2,2,2,2,2,2,2,2,2,2,2,2,2,2,2,2,2,2,2,2,2,2,2,2,2,2,2,2,2,2,2,2,2,2,2,2,2,2,2
PROD2,dpaespprocessors09,/,41.00%,,,40.00%,39.00%,40,40,40,40,40,39,37,36,35,35,36,36,37,37,37,38,38,39,39,40,40,40,40,40,40,40,40,40,41,40,40,40,41,41,41,41,41,41,41,41,43,44,44,44,44,44,44,44,44,44,45
PROD2,dpaespprocessors09,/appl/di_shareddata,1.00%,,,2.00%,2.00%,1,1,1,1,1,1,1,1,1,1,1,1,1,1,1,1,1,1,1,1,1,1,1,1,1,1,1,1,1,1,1,1,1,1,1,1,1,1,1,1,1,1,1,1,1,1,1,1,1,1,1
PROD2,dpaespprocessors09,/appl/sasbackup,1.00%,,,2.00%,2.00%,1,1,1,1,1,1,1,1,1,1,1,1,1,1,1,1,1,1,1,1,1,1,1,1,1,1,1,1,1,1,1,1,1,1,1,1,1,1,1,1,1,1,1,1,1,1,1,1,1,1,1
PROD2,dpaespprocessors09,/dev,0.00%,,,0.00%,0.00%,0,0,0,0,0,0,0,0,0,0,0,0,0,0,0,0,0,0,0,0,0,0,0,0,0,0,0,0,0,0,0,0,0,0,0,0,0,0,0,0,0,0,0,0,0,0,0,0,0,0,0
PROD2,dpaespprocessors09,/logs,1.00%,,,1.00%,1.00%,1,1,1,1,1,1,1,1,1,1,1,1,1,1,1,1,1,1,1,1,1,1,1,1,1,1,1,1,1,1,1,1,1,1,1,1,1,1,1,1,1,1,1,1,1,1,1,1,1,1,1
PROD2,dpaespprocessors09,/opt/sas/viya/config,4.00%,,,5.00%,5.00%,5,6,6,6,6,7,6,6,6,6,7,7,7,7,7,8,8,8,8,8,8,8,8,8,9,9,10,10,10,10,10,10,10,10,8,9,9,9,9,9,10,10,10,10,10,11,11,11,11,11,11
PROD2,dpaespprocessors09,/opt/sas/viya/data,46.00%,,,46.00%,38.00%,49,49,27,46,58,50,54,34,52,34,58,53,58,58,29,24,56,49,58,24,48,45,46,43,52,54,49,49,50,44,44,58,58,58,59,58,58,58,58,55,49,58,57,57,57,40,52,47,58,58,49
PROD2,dpaespprocessors09,/opt/sas/viya/home,7.00%,,,7.00%,7.00%,7,7,7,7,7,7,7,7,7,7,7,7,7,7,7,7,7,7,7,7,7,7,7,7,7,7,7,7,7,7,7,7,7,7,7,7,7,7,7,7,7,7,7,7,7,7,7,7,7,7,7
PROD2,dpaespprocessors09,/usr/bin,2.00%,,,2.00%,2.00%,2,2,2,2,2,2,2,2,2,2,2,2,2,2,2,2,2,2,2,2,2,2,2,2,2,2,2,2,2,2,2,2,2,2,2,2,2,2,2,2,2,2,2,2,2,2,2,2,2,2,2
PROD2,dpama,/,24.00%,,,24.00%,23.00%,24,24,24,24,25,25,25,25,26,26,26,26,27,27,27,27,27,28,28,28,28,29,29,30,30,30,31,31,32,31,32,32,32,33,33,33,34,35,34,35,37,38,38,38,38,39,39,39,40,40,42
PROD2,dpama,/appl/config,1.00%,,,1.00%,1.00%,1,1,1,1,1,1,1,1,1,1,1,1,1,1,1,1,1,1,1,1,1,1,1,1,1,1,1,1,1,1,1,1,1,1,1,1,1,1,1,1,1,1,1,1,1,1,1,1,1,1,1
PROD2,dpama,/appl/depot,1.00%,,,1.00%,1.00%,1,1,1,1,1,1,1,1,1,1,1,1,1,1,1,1,1,1,1,1,1,1,1,1,1,1,1,1,1,1,1,1,1,1,1,1,1,1,1,1,1,1,1,1,1,1,1,1,1,1,1
PROD2,dpama,/appl/di_shareddata,1.00%,,,1.00%,1.00%,1,1,1,1,1,1,1,1,1,1,1,1,1,1,1,1,1,1,1,1,1,1,1,1,1,1,1,1,1,1,1,1,1,1,1,1,1,1,1,1,1,1,1,1,1,1,1,1,1,1,1
PROD2,dpama,/appl/lsf,1.00%,,,1.00%,1.00%,1,1,1,1,1,1,1,1,1,1,1,1,1,1,1,1,1,1,1,1,1,1,1,1,1,1,1,1,1,1,1,1,1,1,1,1,1,1,1,1,1,1,1,1,1,1,1,1,1,1,1
PROD2,dpama,/appl/sasbackup,1.00%,,,1.00%,1.00%,1,1,1,1,1,1,1,1,1,1,1,1,1,1,1,1,1,1,1,1,1,1,1,1,1,1,1,1,1,1,1,1,1,1,1,1,1,1,1,1,1,1,1,1,1,1,1,1,1,1,1
PROD2,dpama,/appl/sasdata,1.00%,,,1.00%,1.00%,1,1,1,1,1,1,1,1,1,1,1,1,1,1,1,1,1,1,1,1,1,1,1,1,1,1,1,1,1,1,1,1,1,1,1,1,1,1,1,1,1,1,1,1,1,1,1,1,1,1,1
PROD2,dpama,/appl/sashome,20.00%,,,20.00%,20.00%,20,20,20,20,20,20,20,20,20,20,20,20,20,20,20,20,20,20,20,20,20,20,20,20,20,20,20,20,20,20,20,20,20,20,20,20,20,20,20,20,20,20,20,20,20,20,20,20,20,20,20
PROD2,dpama,/appl/saslogs,1.00%,,,1.00%,1.00%,1,1,1,1,1,1,1,1,1,1,1,1,1,1,1,1,1,1,1,1,1,1,1,1,1,1,1,1,1,1,1,1,1,1,1,1,1,1,1,1,1,1,1,1,1,1,1,1,1,1,1
PROD2,dpama,/dev,0.00%,,,0.00%,0.00%,0,0,0,0,0,0,0,0,0,0,0,0,0,0,0,0,0,0,0,0,0,0,0,0,0,0,0,0,0,0,0,0,0,0,0,0,0,0,0,0,0,0,0,0,0,0,0,0,0,0,0
PROD2,dpama,/work,1.00%,,,3.00%,3.00%,1,1,1,1,1,1,1,1,1,1,2,1,1,1,1,1,1,1,1,1,1,1,1,2,1,1,1,1,1,1,1,2,1,1,1,1,1,1,1,1,1,1,1,1,1,1,1,1,1,1,1
PROD2,dpamo,/,13.00%,,,14.00%,14.00%,15,21,30,37,48,56,68,43,69,90,24,58,45,27,62,50,53,43,62,52,32,66,66,32,33,33,34,34,34,34,37,28,28,28,29,28,28,29,29,29,29,29,29,29,29,29,29,29,26,28,28
PROD2,dpamo,/appl/depot,1.00%,,,1.00%,1.00%,1,1,1,1,1,1,1,1,1,1,1,1,1,1,1,1,1,1,1,1,1,1,1,1,1,1,1,1,1,1,1,1,1,1,1,1,1,1,1,1,1,1,1,1,1,1,1,1,1,1,1
PROD2,dpamo,/appl/di_shareddata,1.00%,,,1.00%,1.00%,1,1,1,1,1,1,1,1,1,1,1,1,1,1,1,1,1,1,1,1,1,1,1,1,1,1,1,1,1,1,1,1,1,1,1,1,1,1,1,1,1,1,1,1,1,1,1,1,1,1,1
PROD2,dpamo,/appl/sasbackup,1.00%,,,1.00%,1.00%,1,1,1,1,1,1,1,1,1,1,1,1,1,1,1,1,1,1,1,1,1,1,1,1,1,1,1,1,1,1,1,1,1,1,1,1,1,1,1,1,1,1,1,1,1,1,1,1,1,1,1
PROD2,dpamo,/appl/sasconfig,1.00%,,,1.00%,1.00%,1,1,1,1,1,1,1,1,1,1,1,1,1,1,1,1,1,1,1,1,1,1,1,1,1,1,1,1,1,1,1,1,1,1,1,1,1,1,1,1,1,1,1,1,1,1,1,1,1,1,1
PROD2,dpamo,/appl/sasdata,1.00%,,,1.00%,1.00%,1,1,1,1,1,1,1,1,1,1,1,1,1,1,1,1,1,1,1,1,1,1,1,1,1,1,1,1,1,1,1,1,1,1,1,1,1,1,1,1,1,1,1,1,1,1,1,1,1,1,1
PROD2,dpamo,/appl/sashome,20.00%,,,20.00%,20.00%,20,20,20,20,20,20,20,20,20,20,20,20,20,20,20,20,20,20,20,20,20,20,20,20,20,20,20,20,20,20,20,20,20,20,20,20,20,20,20,20,20,20,20,20,20,20,20,20,20,20,20
PROD2,dpamo,/appl/saslogs,1.00%,,,1.00%,1.00%,1,1,1,1,1,1,1,1,1,1,1,1,1,1,1,1,1,1,1,1,1,1,1,1,1,1,1,1,1,1,1,1,1,1,1,1,1,1,1,1,1,1,1,1,1,1,1,1,1,1,1
PROD2,dpamo,/dev,0.00%,,,0.00%,0.00%,0,0,0,0,0,0,0,0,0,0,24,24,24,24,24,24,24,22,28,47,33,24,24,40,40,40,40,40,40,40,40,49,49,49,49,49,49,49,49,49,49,44,44,44,44,44,44,44,44,44,44
PROD2,dpamo,/work,1.00%,,,1.00%,1.00%,1,1,1,1,1,1,1,1,1,1,1,1,1,1,1,1,1,1,1,1,1,1,1,1,1,1,1,1,1,1,1,1,3,6,8,10,13,16,18,20,23,24,25,26,27,28,29,30,31,31,31
PROD2,dpartdmruntimedeployment,/,49.00%,,,49.00%,48.00%,49,48,48,48,49,48,49,48,49,48,49,49,48,48,49,49,49,49,49,49,49,49,49,49,49,49,49,49,49,49,49,49,50,50,50,50,50,52,50,50,53,53,54,53,53,53,53,53,53,53,54
PROD2,dpartdmruntimedeployment,/appl/config,32.00%,,,34.00%,34.00%,35,36,37,38,39,39,40,41,42,42,42,43,44,45,46,47,48,49,50,51,52,53,54,55,56,57,58,59,59,60,61,62,63,64,65,65,66,68,68,69,70,60,60,60,60,61,58,54,54,54,54
PROD2,dpartdmruntimedeployment,/appl/depot,1.00%,,,1.00%,1.00%,1,1,1,1,1,1,1,1,1,1,1,1,1,1,1,1,1,1,1,1,1,1,1,1,1,1,1,1,1,1,1,1,1,1,1,1,1,1,1,1,1,1,1,1,1,1,1,1,1,1,1
PROD2,dpartdmruntimedeployment,/appl/di_shareddata,1.00%,,,1.00%,1.00%,1,1,1,1,1,1,1,1,1,1,1,1,1,1,1,1,1,1,1,1,1,1,1,1,1,1,1,1,1,1,1,1,1,1,1,1,1,1,1,1,1,1,1,1,1,1,1,1,1,1,1
PROD2,dpartdmruntimedeployment,/appl/sasbackup,1.00%,,,1.00%,1.00%,1,1,1,1,1,1,1,1,1,1,1,1,1,1,1,1,1,1,1,1,1,1,1,1,1,1,1,1,1,1,1,1,1,1,1,1,1,1,1,1,1,1,1,1,1,1,1,1,1,1,1
PROD2,dpartdmruntimedeployment,/appl/sashome,18.00%,,,18.00%,18.00%,18,18,18,18,18,18,18,18,18,18,18,18,18,18,18,18,18,18,18,18,18,18,18,18,18,18,18,18,18,18,18,18,18,18,18,18,18,18,18,18,18,18,18,18,18,18,18,18,18,18,18
PROD2,dpartdmruntimedeployment,/appl/saslogs,1.00%,,,1.00%,1.00%,1,1,1,1,1,1,1,1,1,1,1,1,1,1,1,1,1,1,1,1,1,1,1,1,1,1,1,1,1,1,1,1,1,1,1,1,1,1,1,1,1,1,1,1,1,1,1,1,1,1,1
PROD2,dpartdmruntimedeployment,/dev,0.00%,,,0.00%,0.00%,0,0,0,0,0,0,0,0,0,0,0,0,0,0,0,0,0,0,0,0,0,0,0,0,0,0,0,0,0,0,0,0,0,0,0,0,0,0,0,0,0,0,0,0,0,0,0,0,0,0,0
PROD2,dpartdmruntimedeployment,/work,30.00%,,,30.00%,30.00%,30,30,30,30,30,30,30,30,30,30,30,30,30,30,30,30,30,30,30,30,30,30,30,30,30,30,30,30,30,30,30,30,30,30,30,30,30,30,30,30,30,30,30,30,30,30,30,30,30,30,30
PROD2,dparuntimemetadata01,/,38.00%,,,38.00%,38.00%,38,38,38,38,38,38,38,38,38,38,38,38,38,38,38,38,38,38,38,38,38,38,38,38,38,38,38,38,39,38,39,39,39,39,39,39,39,39,39,39,41,41,41,41,41,41,41,41,41,41,42
PROD2,dparuntimemetadata01,/appl/config,1.00%,,,1.00%,1.00%,1,1,1,1,1,1,1,1,1,1,1,1,1,1,1,1,1,1,1,1,1,1,1,1,1,1,1,1,1,1,1,1,1,1,1,1,1,1,1,1,1,1,1,1,1,1,1,1,1,1,1
PROD2,dparuntimemetadata01,/appl/depot,1.00%,,,1.00%,1.00%,1,1,1,1,1,1,1,1,1,1,1,1,1,1,1,1,1,1,1,1,1,1,1,1,1,1,1,1,1,1,1,1,1,1,1,1,1,1,1,1,1,1,1,1,1,1,1,1,1,1,1
PROD2,dparuntimemetadata01,/appl/di_shareddata,1.00%,,,1.00%,1.00%,1,1,1,1,1,1,1,1,1,1,1,1,1,1,1,1,1,1,1,1,1,1,1,1,1,1,1,1,1,1,1,1,1,1,1,1,1,1,1,1,1,1,1,1,1,1,1,1,1,1,1
PROD2,dparuntimemetadata01,/appl/sasbackup,1.00%,,,1.00%,1.00%,1,1,1,1,1,1,1,1,1,1,1,1,1,1,1,1,1,1,1,1,1,1,1,1,1,1,1,1,1,1,1,1,1,1,1,1,1,1,1,1,1,1,1,1,1,1,1,1,1,1,1
PROD2,dparuntimemetadata01,/appl/sashome,5.00%,,,5.00%,5.00%,5,5,5,5,5,5,5,5,5,5,5,5,5,5,5,5,5,5,5,5,5,5,5,5,5,5,5,5,5,5,5,5,5,5,5,5,5,5,5,5,5,5,5,5,5,5,5,5,5,5,5
PROD2,dparuntimemetadata01,/appl/saslogs,1.00%,,,1.00%,1.00%,1,1,1,1,1,1,1,1,1,1,1,1,1,1,1,1,1,1,1,1,1,1,1,1,1,1,1,1,1,1,1,1,1,1,1,1,1,1,1,1,1,1,1,1,1,1,1,1,1,1,1
PROD2,dparuntimemetadata01,/dev,0.00%,,,0.00%,0.00%,0,0,0,0,0,0,0,0,0,0,0,0,0,0,0,0,0,0,0,0,0,0,0,0,0,0,0,0,0,0,0,0,0,0,0,0,0,0,0,0,0,0,0,0,0,0,0,0,0,0,0
PROD2,dparuntimemetadata01,/work,1.00%,,,1.00%,1.00%,1,1,1,1,1,1,1,1,1,1,1,1,1,1,1,1,1,1,1,1,1,1,1,1,1,1,1,1,1,1,1,1,1,1,1,1,1,1,1,1,1,1,1,1,1,1,1,1,1,1,1
PROD2,dparuntimemetadata02,/,46.00%,,,45.00%,45.00%,46,45,45,45,45,45,45,45,45,45,45,45,45,45,45,45,45,45,45,45,45,45,45,45,45,45,46,46,46,45,46,46,46,46,46,46,46,46,46,46,48,48,48,48,48,48,48,48,48,48,49
PROD2,dparuntimemetadata02,/appl/config,1.00%,,,1.00%,1.00%,1,1,1,1,1,1,1,1,1,1,1,1,1,1,1,1,1,1,1,1,1,1,1,1,1,1,1,1,1,1,1,1,1,1,1,1,1,1,1,1,1,1,1,1,1,1,1,1,1,1,1
PROD2,dparuntimemetadata02,/appl/depot,1.00%,,,1.00%,1.00%,1,1,1,1,1,1,1,1,1,1,1,1,1,1,1,1,1,1,1,1,1,1,1,1,1,1,1,1,1,1,1,1,1,1,1,1,1,1,1,1,1,1,1,1,1,1,1,1,1,1,1
PROD2,dparuntimemetadata02,/appl/di_shareddata,1.00%,,,1.00%,1.00%,1,1,1,1,1,1,1,1,1,1,1,1,1,1,1,1,1,1,1,1,1,1,1,1,1,1,1,1,1,1,1,1,1,1,1,1,1,1,1,1,1,1,1,1,1,1,1,1,1,1,1
PROD2,dparuntimemetadata02,/appl/sasbackup,1.00%,,,1.00%,1.00%,1,1,1,1,1,1,1,1,1,1,1,1,1,1,1,1,1,1,1,1,1,1,1,1,1,1,1,1,1,1,1,1,1,1,1,1,1,1,1,1,1,1,1,1,1,1,1,1,1,1,1
PROD2,dparuntimemetadata02,/appl/sashome,5.00%,,,5.00%,5.00%,5,5,5,5,5,5,5,5,5,5,5,5,5,5,5,5,5,5,5,5,5,5,5,5,5,5,5,5,5,5,5,5,5,5,5,5,5,5,5,5,5,5,5,5,5,5,5,5,5,5,5
PROD2,dparuntimemetadata02,/appl/saslogs,1.00%,,,1.00%,1.00%,1,1,1,1,1,1,1,1,1,1,1,1,1,1,1,1,1,1,1,1,1,1,1,1,1,1,1,1,1,1,1,1,1,1,1,1,1,1,1,1,1,1,1,1,1,1,1,1,1,1,1
PROD2,dparuntimemetadata02,/dev,0.00%,,,0.00%,0.00%,0,0,0,0,0,0,0,0,0,0,0,0,0,0,0,0,0,0,0,0,0,0,0,0,0,0,0,0,0,0,0,0,0,0,0,0,0,0,0,0,0,0,0,0,0,0,0,0,0,0,0
PROD2,dparuntimemetadata02,/work,1.00%,,,1.00%,1.00%,1,1,1,1,1,1,1,1,1,1,1,1,1,1,1,1,1,1,1,1,1,1,1,1,1,1,1,1,1,1,1,1,1,1,1,1,1,1,1,1,1,1,1,1,1,1,1,1,1,1,1
PROD2,dparuntimemetadata03,/,46.00%,,,45.00%,45.00%,45,45,45,45,45,45,45,45,45,45,45,45,45,45,45,45,45,45,45,45,45,45,45,45,45,45,46,46,46,46,46,46,46,46,46,46,46,47,46,46,48,48,49,48,48,48,48,48,48,48,49
PROD2,dparuntimemetadata03,/appl/config,1.00%,,,1.00%,1.00%,1,1,1,1,1,1,1,1,1,1,1,1,1,1,1,1,1,1,1,1,1,1,1,1,1,1,1,1,1,1,1,1,1,1,1,1,1,1,1,1,1,1,1,1,1,1,1,1,1,1,1
PROD2,dparuntimemetadata03,/appl/depot,1.00%,,,1.00%,1.00%,1,1,1,1,1,1,1,1,1,1,1,1,1,1,1,1,1,1,1,1,1,1,1,1,1,1,1,1,1,1,1,1,1,1,1,1,1,1,1,1,1,1,1,1,1,1,1,1,1,1,1
PROD2,dparuntimemetadata03,/appl/di_shareddata,1.00%,,,1.00%,1.00%,1,1,1,1,1,1,1,1,1,1,1,1,1,1,1,1,1,1,1,1,1,1,1,1,1,1,1,1,1,1,1,1,1,1,1,1,1,1,1,1,1,1,1,1,1,1,1,1,1,1,1
PROD2,dparuntimemetadata03,/appl/sasbackup,1.00%,,,1.00%,1.00%,1,1,1,1,1,1,1,1,1,1,1,1,1,1,1,1,1,1,1,1,1,1,1,1,1,1,1,1,1,1,1,1,1,1,1,1,1,1,1,1,1,1,1,1,1,1,1,1,1,1,1
PROD2,dparuntimemetadata03,/appl/sashome,5.00%,,,5.00%,5.00%,5,5,5,5,5,5,5,5,5,5,5,5,5,5,5,5,5,5,5,5,5,5,5,5,5,5,5,5,5,5,5,5,5,5,5,5,5,5,5,5,5,5,5,5,5,5,5,5,5,5,5
PROD2,dparuntimemetadata03,/appl/saslogs,1.00%,,,1.00%,1.00%,1,1,1,1,1,1,1,1,1,1,1,1,1,1,1,1,1,1,1,1,1,1,1,1,1,1,1,1,1,1,1,1,1,1,1,1,1,1,1,1,1,1,1,1,1,1,1,1,1,1,1
PROD2,dparuntimemetadata03,/dev,0.00%,,,0.00%,0.00%,0,0,0,0,0,0,0,0,0,0,0,0,0,0,0,0,0,0,0,0,0,0,0,0,0,0,0,0,0,0,0,0,0,0,0,0,0,0,0,0,0,0,0,0,0,0,0,0,0,0,0
PROD2,dparuntimemetadata03,/work,1.00%,,,1.00%,1.00%,1,1,1,1,1,1,1,1,1,1,1,1,1,1,1,1,1,1,1,1,1,1,1,1,1,1,1,1,1,1,1,1,1,1,1,1,1,1,1,1,1,1,1,1,1,1,1,1,1,1,1
PROD2,ip-10-237-82-143,/,36.00%,,,35.00%,34.00%,36,34,34,34,34,34,34,34,34,34,34,34,34,34,34,34,34,34,34,34,34,35,34,34,34,34,35,35,35,35,35,35,35,36,36,36,36,37,36,36,39,39,40,39,39,39,39,39,39,39,40
PROD2,ip-10-237-82-143,/appl/config,7.00%,,,8.00%,7.00%,8,8,8,9,8,8,8,8,9,9,8,8,8,7,7,9,7,7,7,8,8,7,7,7,8,8,8,7,7,8,8,8,8,7,8,8,9,9,9,8,8,8,9,9,8,8,7,7,7,8,8
PROD2,ip-10-237-82-143,/appl/depot,1.00%,,,1.00%,1.00%,1,1,1,1,1,1,1,1,1,1,1,1,1,1,1,1,1,1,1,1,1,1,1,1,1,1,1,1,1,1,1,1,1,1,1,1,1,1,1,1,1,1,1,1,1,1,1,1,1,1,1
PROD2,ip-10-237-82-143,/appl/di_shareddata,1.00%,,,1.00%,1.00%,1,1,1,1,1,1,1,1,1,1,1,1,1,1,1,1,1,1,1,1,1,1,1,1,1,1,1,1,1,1,1,1,1,1,1,1,1,1,1,1,1,1,1,1,1,1,1,1,1,1,1
PROD2,ip-10-237-82-143,/appl/sasbackup,1.00%,,,1.00%,1.00%,1,1,1,1,1,1,1,1,1,1,1,1,1,1,1,1,1,1,1,1,1,1,1,1,1,1,1,1,1,1,1,1,1,1,1,1,1,1,1,1,1,1,1,1,1,1,1,1,1,1,1
PROD2,ip-10-237-82-143,/appl/sashome,4.00%,,,4.00%,4.00%,4,4,4,4,4,4,4,4,4,4,4,4,4,4,4,4,4,4,4,4,4,4,4,4,4,4,4,4,4,4,4,4,4,4,4,4,4,4,4,4,4,4,4,4,4,4,4,4,4,4,4
PROD2,ip-10-237-82-143,/appl/saslogs,1.00%,,,1.00%,1.00%,1,1,1,1,1,1,1,1,1,1,1,1,1,1,1,1,1,1,1,1,1,1,1,1,1,1,1,1,1,1,1,1,1,1,1,1,1,1,1,1,1,1,1,1,1,1,1,1,1,1,1
PROD2,ip-10-237-82-143,/dev,0.00%,,,0.00%,0.00%,0,0,0,0,0,0,0,0,0,0,0,0,0,0,0,0,0,0,0,0,0,0,0,0,0,0,0,0,0,0,0,0,0,0,0,0,0,0,0,0,0,0,0,0,0,0,0,0,0,0,0
PROD2,ip-10-237-82-143,/work,46.00%,,,46.00%,46.00%,46,46,46,46,46,46,46,46,46,46,46,46,46,46,46,46,46,46,46,46,46,46,46,46,46,46,46,46,46,46,46,46,46,46,46,46,46,46,46,46,46,46,46,46,46,46,46,46,46,46,46
PROD2,ip-10-237-82-144.ap-southeast-1.compute.internal,/,36.00%,,,35.00%,34.00%,35,34,34,34,34,34,34,34,34,35,35,34,34,34,35,35,35,35,35,35,35,35,35,35,35,35,35,35,36,35,35,35,36,36,36,36,36,37,36,36,39,39,40,39,39,39,39,39,39,39,40
PROD2,ip-10-237-82-144.ap-southeast-1.compute.internal,/appl/config,8.00%,,,9.00%,8.00%,8,9,9,8,7,7,7,8,7,7,7,8,8,8,7,7,8,8,8,7,8,8,9,9,7,8,8,9,9,8,8,8,9,8,6,7,7,7,8,7,7,8,8,8,9,7,8,8,8,9,7
PROD2,ip-10-237-82-144.ap-southeast-1.compute.internal,/appl/depot,1.00%,,,1.00%,1.00%,1,1,1,1,1,1,1,1,1,1,1,1,1,1,1,1,1,1,1,1,1,1,1,1,1,1,1,1,1,1,1,1,1,1,1,1,1,1,1,1,1,1,1,1,1,1,1,1,1,1,1
PROD2,ip-10-237-82-144.ap-southeast-1.compute.internal,/appl/di_shareddata,1.00%,,,1.00%,1.00%,1,1,1,1,1,1,1,1,1,1,1,1,1,1,1,1,1,1,1,1,1,1,1,1,1,1,1,1,1,1,1,1,1,1,1,1,1,1,1,1,1,1,1,1,1,1,1,1,1,1,1
PROD2,ip-10-237-82-144.ap-southeast-1.compute.internal,/appl/sasbackup,1.00%,,,1.00%,1.00%,1,1,1,1,1,1,1,1,1,1,1,1,1,1,1,1,1,1,1,1,1,1,1,1,1,1,1,1,1,1,1,1,1,1,1,1,1,1,1,1,1,1,1,1,1,1,1,1,1,1,1
PROD2,ip-10-237-82-144.ap-southeast-1.compute.internal,/appl/sashome,4.00%,,,4.00%,4.00%,4,4,4,4,4,4,4,4,4,4,4,4,4,4,4,4,4,4,4,4,4,4,4,4,4,4,4,4,4,4,4,4,4,4,4,4,4,4,4,4,4,4,4,4,4,4,4,4,4,4,4
PROD2,ip-10-237-82-144.ap-southeast-1.compute.internal,/appl/saslogs,1.00%,,,1.00%,1.00%,1,1,1,1,1,1,1,1,1,1,1,1,1,1,1,1,1,1,1,1,1,1,1,1,1,1,1,1,1,1,1,1,1,1,1,1,1,1,1,1,1,1,1,1,1,1,1,1,1,1,1
PROD2,ip-10-237-82-144.ap-southeast-1.compute.internal,/dev,0.00%,,,0.00%,0.00%,0,0,0,0,0,0,0,0,0,0,0,0,0,0,0,0,0,0,0,0,0,0,0,0,0,0,0,0,0,0,0,0,0,0,0,0,0,0,0,0,0,0,0,0,0,0,0,0,0,0,0
PROD2,ip-10-237-82-144.ap-southeast-1.compute.internal,/work,46.00%,,,46.00%,46.00%,46,46,46,46,46,46,46,46,46,46,46,46,46,46,46,46,46,46,46,46,46,46,46,46,46,46,46,46,46,46,46,46,46,46,46,46,46,46,46,46,46,46,46,46,46,46,46,46,46,46,46
PROD2,ip-10-237-82-145.ap-southeast-1.compute.internal,/,36.00%,,,35.00%,34.00%,36,34,34,34,34,34,34,34,34,34,34,34,34,34,34,34,35,34,34,34,34,35,34,35,35,35,35,35,35,35,35,35,36,36,36,36,36,38,36,36,39,39,40,39,39,39,39,39,39,39,40
PROD2,ip-10-237-82-145.ap-southeast-1.compute.internal,/appl/config,8.00%,,,6.00%,8.00%,9,8,7,7,8,8,7,7,7,8,8,7,7,8,8,8,7,8,8,9,9,8,8,9,9,9,8,9,9,8,9,7,7,7,8,8,7,7,8,8,7,7,8,8,8,7,8,8,8,9,9
PROD2,ip-10-237-82-145.ap-southeast-1.compute.internal,/appl/depot,1.00%,,,1.00%,1.00%,1,1,1,1,1,1,1,1,1,1,1,1,1,1,1,1,1,1,1,1,1,1,1,1,1,1,1,1,1,1,1,1,1,1,1,1,1,1,1,1,1,1,1,1,1,1,1,1,1,1,1
PROD2,ip-10-237-82-145.ap-southeast-1.compute.internal,/appl/di_shareddata,1.00%,,,1.00%,1.00%,1,1,1,1,1,1,1,1,1,1,1,1,1,1,1,1,1,1,1,1,1,1,1,1,1,1,1,1,1,1,1,1,1,1,1,1,1,1,1,1,1,1,1,1,1,1,1,1,1,1,1
PROD2,ip-10-237-82-145.ap-southeast-1.compute.internal,/appl/sasbackup,1.00%,,,1.00%,1.00%,1,1,1,1,1,1,1,1,1,1,1,1,1,1,1,1,1,1,1,1,1,1,1,1,1,1,1,1,1,1,1,1,1,1,1,1,1,1,1,1,1,1,1,1,1,1,1,1,1,1,1
PROD2,ip-10-237-82-145.ap-southeast-1.compute.internal,/appl/sashome,4.00%,,,4.00%,4.00%,4,4,4,4,4,4,4,4,4,4,4,4,4,4,4,4,4,4,4,4,4,4,4,4,4,4,4,4,4,4,4,4,4,4,4,4,4,4,4,4,4,4,4,4,4,4,4,4,4,4,4
PROD2,ip-10-237-82-145.ap-southeast-1.compute.internal,/appl/saslogs,1.00%,,,1.00%,1.00%,1,1,1,1,1,1,1,1,1,1,1,1,1,1,1,1,1,1,1,1,1,1,1,1,1,1,1,1,1,1,1,1,1,1,1,1,1,1,1,1,1,1,1,1,1,1,1,1,1,1,1
PROD2,ip-10-237-82-145.ap-southeast-1.compute.internal,/dev,0.00%,,,0.00%,0.00%,0,0,0,0,0,0,0,0,0,0,0,0,0,0,0,0,0,0,0,0,0,0,0,0,0,0,0,0,0,0,0,0,0,0,0,0,0,0,0,0,0,0,0,0,0,0,0,0,0,0,0
PROD2,ip-10-237-82-145.ap-southeast-1.compute.internal,/work,46.00%,,,46.00%,46.00%,46,46,46,46,46,46,46,46,46,46,46,46,46,46,46,46,46,46,46,46,46,46,46,46,46,46,46,46,46,46,46,46,46,46,46,46,46,46,46,46,46,46,46,46,46,46,46,46,46,46,46
PROD2,ip-10-237-82-146.ap-southeast-1.compute.internal,/,35.00%,,,35.00%,34.00%,35,34,34,34,35,34,34,34,35,35,34,34,34,34,34,34,35,34,34,34,34,34,35,35,35,35,35,35,35,35,35,35,36,36,36,36,36,37,36,36,39,40,40,39,39,39,39,39,39,39,40
PROD2,ip-10-237-82-146.ap-southeast-1.compute.internal,/appl/config,6.00%,,,6.00%,6.00%,6,6,6,6,6,6,6,6,6,6,6,6,6,6,6,6,6,6,6,6,6,6,6,6,6,6,6,6,6,6,6,6,6,6,6,6,6,6,6,6,6,6,6,6,6,6,6,6,6,6,6
PROD2,ip-10-237-82-146.ap-southeast-1.compute.internal,/appl/depot,1.00%,,,1.00%,1.00%,1,1,1,1,1,1,1,1,1,1,1,1,1,1,1,1,1,1,1,1,1,1,1,1,1,1,1,1,1,1,1,1,1,1,1,1,1,1,1,1,1,1,1,1,1,1,1,1,1,1,1
PROD2,ip-10-237-82-146.ap-southeast-1.compute.internal,/appl/di_shareddata,1.00%,,,1.00%,1.00%,1,1,1,1,1,1,1,1,1,1,1,1,1,1,1,1,1,1,1,1,1,1,1,1,1,1,1,1,1,1,1,1,1,1,1,1,1,1,1,1,1,1,1,1,1,1,1,1,1,1,1
PROD2,ip-10-237-82-146.ap-southeast-1.compute.internal,/appl/sasbackup,1.00%,,,1.00%,1.00%,1,1,1,1,1,1,1,1,1,1,1,1,1,1,1,1,1,1,1,1,1,1,1,1,1,1,1,1,1,1,1,1,1,1,1,1,1,1,1,1,1,1,1,1,1,1,1,1,1,1,1
PROD2,ip-10-237-82-146.ap-southeast-1.compute.internal,/appl/sashome,4.00%,,,4.00%,4.00%,4,4,4,4,4,4,4,4,4,4,4,4,4,4,4,4,4,4,4,4,4,4,4,4,4,4,4,4,4,4,4,4,4,4,4,4,4,4,4,4,4,4,4,4,4,4,4,4,4,4,4
PROD2,ip-10-237-82-146.ap-southeast-1.compute.internal,/appl/saslogs,1.00%,,,1.00%,1.00%,1,1,1,1,1,1,1,1,1,1,1,1,1,1,1,1,1,1,1,1,1,1,1,1,1,1,1,1,1,1,1,1,1,1,1,1,1,1,1,1,1,1,1,1,1,1,1,1,1,1,1
PROD2,ip-10-237-82-146.ap-southeast-1.compute.internal,/dev,0.00%,,,0.00%,0.00%,0,0,0,0,0,0,0,0,0,0,0,0,0,0,0,0,0,0,0,0,0,0,0,0,0,0,0,0,0,0,0,0,0,0,0,0,0,0,0,0,0,0,0,0,0,0,0,0,0,0,0
PROD2,ip-10-237-82-146.ap-southeast-1.compute.internal,/work,46.00%,,,46.00%,46.00%,46,46,46,46,46,46,46,46,46,46,46,46,46,46,46,46,46,46,46,46,46,46,46,46,46,46,46,46,46,46,46,46,46,46,46,46,46,46,46,46,46,46,46,46,46,46,46,46,46,46,46
STG2,dpastganlytcs,/,16.00%,,,15.00%,15.00%,16,15,15,15,15,15,15,15,15,15,15,15,15,15,15,15,15,15,15,15,15,15,15,16,15,16,16,16,16,16,16,16,16,16,16,16,17,17,17,17,18,18,19,18,18,19,19,18,19,18,
STG2,dpastganlytcs,/appl/depot,1.00%,,,1.00%,1.00%,1,1,1,1,1,1,1,1,1,1,1,1,1,1,1,1,1,1,1,1,1,1,1,1,1,1,1,1,1,1,1,1,1,1,1,1,1,1,1,1,1,1,1,1,1,1,1,1,1,1,
STG2,dpastganlytcs,/appl/di_shareddata,1.00%,,,1.00%,1.00%,1,1,1,1,1,1,1,1,1,1,1,1,1,1,1,1,1,1,1,1,1,1,1,1,1,1,1,1,1,1,1,1,1,1,1,1,1,1,1,1,1,1,1,1,1,1,1,1,1,1,
STG2,dpastganlytcs,/appl/sasbackup,1.00%,,,1.00%,1.00%,1,1,1,1,1,1,1,1,1,1,1,1,1,1,1,1,1,1,1,1,1,1,1,1,1,1,1,1,1,1,1,1,1,1,1,1,1,1,1,1,1,1,1,1,1,1,1,1,1,1,
STG2,dpastganlytcs,/appl/sasdata,1.00%,,,1.00%,1.00%,1,1,1,1,1,1,1,1,1,1,1,1,1,1,1,1,1,1,1,1,1,1,1,1,1,1,1,1,1,1,1,1,1,1,1,1,1,1,1,1,1,1,1,1,1,1,1,1,1,1,
STG2,dpastganlytcs,/appl/saslogs,1.00%,,,1.00%,1.00%,1,1,1,1,1,1,1,1,1,1,1,1,1,1,1,1,1,1,1,1,1,1,1,1,1,1,1,1,1,1,1,1,1,1,1,1,1,1,1,1,1,1,1,1,1,1,1,1,1,1,
STG2,dpastganlytcs,/dev,0.00%,,,0.00%,0.00%,0,0,0,0,0,0,0,0,0,0,0,0,0,0,0,0,0,0,0,0,0,0,0,0,0,0,0,0,0,0,0,0,0,0,0,0,0,0,0,0,0,0,0,0,0,0,0,0,0,0,
STG2,dpastganlytcs,/sas,25.00%,,,25.00%,25.00%,25,25,25,25,25,25,25,25,25,25,25,25,25,25,25,25,25,25,25,25,25,25,25,25,25,25,25,25,25,25,25,25,25,25,25,25,25,25,25,25,25,25,25,25,25,25,25,25,25,25,
STG2,dpastganlytcs,/work,2.00%,,,1.00%,1.00%,1,1,2,1,1,1,1,1,1,1,1,1,1,1,1,1,1,1,1,1,1,1,1,1,1,1,1,1,1,1,1,1,1,1,1,1,1,1,1,1,1,1,1,1,1,1,1,1,1,1,
STG2,dpastgdeployment,/,20.00%,,,20.00%,20.00%,20,20,20,20,20,20,20,20,20,20,20,20,20,20,20,20,20,20,20,20,20,20,20,20,20,20,21,21,21,21,21,21,22,22,22,22,22,23,22,22,25,25,25,25,25,25,25,25,25,25,
STG2,dpastgdeployment,/appl/repo,1.00%,,,1.00%,1.00%,1,1,1,1,1,1,1,1,1,1,1,1,1,1,1,1,1,1,1,1,1,1,1,1,1,1,1,1,1,1,1,1,1,1,1,1,1,1,1,1,1,1,1,1,1,1,1,1,1,1,
STG2,dpastgdeployment,/dev,0.00%,,,0.00%,0.00%,0,0,0,0,0,0,0,0,0,0,0,0,0,0,0,0,0,0,0,0,0,0,0,0,0,0,0,0,0,0,0,0,0,0,0,0,0,0,0,0,0,0,0,0,0,0,0,0,0,0,
STG2,dpastgdesmeta,/,20.00%,,,21.00%,22.00%,22,22,23,24,24,25,25,27,26,26,27,29,32,32,31,32,33,35,36,38,39,39,39,40,43,45,46,47,47,49,51,50,52,54,54,54,56,61,60,61,66,67,73,78,77,75,75,75,47,43,
STG2,dpastgdesmeta,/appl/config,9.00%,,,10.00%,10.00%,10,11,11,11,10,10,10,11,11,11,12,12,12,11,11,11,11,11,11,11,11,11,12,11,12,12,12,12,12,12,12,12,12,12,12,12,12,12,12,12,12,12,13,13,13,13,13,13,13,13,
STG2,dpastgdesmeta,/appl/depot,1.00%,,,1.00%,1.00%,1,1,1,1,1,1,1,1,1,1,1,1,1,1,1,1,1,1,1,1,1,1,1,1,1,1,1,1,1,1,1,1,1,1,1,1,1,1,1,1,1,1,1,1,1,1,1,1,1,1,
STG2,dpastgdesmeta,/appl/di_shareddata,1.00%,,,1.00%,1.00%,1,1,1,1,1,1,1,1,1,1,1,1,1,1,1,1,1,1,1,1,1,1,1,1,1,1,1,1,1,1,1,1,1,1,1,1,1,1,1,1,1,1,1,1,1,1,1,1,1,1,
STG2,dpastgdesmeta,/appl/sasbackup,1.00%,,,1.00%,1.00%,1,1,1,1,1,1,1,1,1,1,1,1,1,1,1,1,1,1,1,1,1,1,1,1,1,1,1,1,1,1,1,1,1,1,1,1,1,1,1,1,1,1,1,1,1,1,1,1,1,1,
STG2,dpastgdesmeta,/appl/sashome,13.00%,,,1.00%,1.00%,13,13,13,13,13,13,13,13,13,13,13,13,13,13,13,13,13,13,13,13,13,13,13,13,13,13,13,13,13,13,13,13,13,13,13,13,13,13,13,13,13,13,13,13,13,13,13,13,13,13,
STG2,dpastgdesmeta,/appl/saslogs,1.00%,,,1.00%,1.00%,1,1,1,1,1,1,1,1,1,1,1,1,1,1,1,1,1,1,1,1,1,1,1,1,1,1,1,1,1,1,1,1,1,1,1,1,1,1,1,1,1,1,1,1,1,1,1,1,1,1,
STG2,dpastgdesmeta,/dev,0.00%,,,0.00%,0.00%,0,0,0,0,0,0,0,0,0,0,0,0,0,0,0,0,0,0,0,0,0,0,0,0,0,0,0,0,0,0,0,0,0,0,0,0,0,0,0,0,0,0,0,0,0,0,0,0,0,0,
STG2,dpastgdesmeta,/work,33.00%,,,33.00%,33.00%,33,33,33,33,33,33,33,33,33,33,33,33,33,33,33,33,33,33,33,33,33,33,33,33,33,33,33,33,33,33,33,33,33,33,33,33,33,33,33,33,33,33,33,33,33,33,33,33,33,33,
STG2,dpastgdesmid,/,60.00%,,,59.00%,59.00%,60,59,59,59,60,59,59,59,59,60,59,60,59,59,60,60,60,60,61,60,61,60,60,60,60,60,61,61,61,61,61,63,62,62,61,61,62,63,62,62,64,65,66,65,65,65,65,65,65,65,
STG2,dpastgdesmid,/appl/config,67.00%,,,74.00%,78.00%,76,67,73,78,71,73,77,73,78,75,75,77,70,75,73,49,54,59,40,44,47,51,54,40,46,52,57,41,44,49,54,60,44,48,52,57,45,51,56,46,47,52,59,63,72,49,53,57,64,55,
STG2,dpastgdesmid,/appl/depot,1.00%,,,1.00%,1.00%,1,1,1,1,1,1,1,1,1,1,1,1,1,1,1,1,1,1,1,1,1,1,1,1,1,1,1,1,1,1,1,1,1,1,1,1,1,1,1,1,1,1,1,1,1,1,1,1,1,1,
STG2,dpastgdesmid,/appl/di_shareddata,1.00%,,,1.00%,1.00%,1,1,1,1,1,1,1,1,1,1,1,1,1,1,1,1,1,1,1,1,1,1,1,1,1,1,1,1,1,1,1,1,1,1,1,1,1,1,1,1,1,1,1,1,1,1,1,1,1,1,
STG2,dpastgdesmid,/appl/sasbackup,1.00%,,,1.00%,1.00%,1,1,1,1,1,1,1,1,1,1,1,1,1,1,1,1,1,1,1,1,1,1,1,1,1,1,1,1,1,1,1,1,1,1,1,1,1,1,1,1,1,1,1,1,1,1,1,1,1,1,
STG2,dpastgdesmid,/appl/sashome,17.00%,,,17.00%,17.00%,17,17,17,17,17,17,17,17,17,17,17,17,17,17,17,17,17,17,17,17,17,17,17,17,17,17,17,17,17,17,17,17,17,17,17,17,17,17,17,17,17,17,17,17,17,17,17,17,17,17,
STG2,dpastgdesmid,/appl/saslogs,1.00%,,,1.00%,1.00%,1,1,1,1,1,1,1,1,1,1,1,1,1,1,1,1,1,1,1,1,1,1,1,1,1,1,1,1,1,1,1,1,1,1,1,1,1,1,1,1,1,1,1,1,1,1,1,1,1,1,
STG2,dpastgdesmid,/dev,0.00%,,,0.00%,0.00%,0,0,0,0,0,0,0,0,0,0,0,0,0,0,0,0,0,0,0,0,0,0,0,0,0,0,0,0,0,0,0,0,0,0,0,0,0,0,0,0,0,0,0,0,0,0,0,0,0,0,
STG2,dpastgdesmid,/work,1.00%,,,1.00%,1.00%,1,1,1,1,1,1,1,1,1,1,1,1,1,1,1,1,1,1,1,1,1,1,1,1,1,1,1,1,1,1,1,1,1,1,1,1,1,1,1,1,1,1,1,1,1,1,1,1,1,1,
STG2,dpastgdesrtdm,/,22.00%,,,22.00%,22.00%,22,22,22,22,22,22,22,22,22,22,22,22,22,22,22,22,22,22,22,22,22,22,22,22,22,22,22,22,23,22,23,23,23,23,23,23,23,24,23,23,25,25,26,25,25,25,25,25,25,25,
STG2,dpastgdesrtdm,/appl/depot,1.00%,,,1.00%,1.00%,1,1,1,1,1,1,1,1,1,1,1,1,1,1,1,1,1,1,1,1,1,1,1,1,1,1,1,1,1,1,1,1,1,1,1,1,1,1,1,1,1,1,1,1,1,1,1,1,1,1,
STG2,dpastgdesrtdm,/appl/di_shareddata,1.00%,,,1.00%,1.00%,1,1,1,1,1,1,1,1,1,1,1,1,1,1,1,1,1,1,1,1,1,1,1,1,1,1,1,1,1,1,1,1,1,1,1,1,1,1,1,1,1,1,1,1,1,1,1,1,1,1,
STG2,dpastgdesrtdm,/appl/sasbackup,1.00%,,,1.00%,1.00%,1,1,1,1,1,1,1,1,1,1,1,1,1,1,1,1,1,1,1,1,1,1,1,1,1,1,1,1,1,1,1,1,1,1,1,1,1,1,1,1,1,1,1,1,1,1,1,1,1,1,
STG2,dpastgdesrtdm,/appl/sasconfig,18.00%,,,18.00%,18.00%,18,18,18,18,18,18,18,18,18,18,18,18,18,18,18,18,18,18,19,19,19,19,19,19,19,19,19,19,19,19,19,19,19,19,19,19,19,19,19,19,19,19,19,19,19,19,19,19,19,19,
STG2,dpastgdesrtdm,/appl/sasdata,1.00%,,,1.00%,1.00%,1,1,1,1,1,1,1,1,1,1,1,1,1,1,1,1,1,1,1,1,1,1,1,1,1,1,1,1,1,1,1,1,1,1,1,1,1,1,1,1,1,1,1,1,1,1,1,1,1,1,
STG2,dpastgdesrtdm,/appl/sashome,15.00%,,,15.00%,15.00%,15,15,15,15,15,15,15,15,15,15,15,15,15,15,15,15,15,15,15,15,15,15,15,15,15,15,15,15,15,15,15,15,15,15,15,15,15,15,15,15,15,15,15,15,15,15,15,15,15,15,
STG2,dpastgdesrtdm,/appl/saslogs,1.00%,,,1.00%,1.00%,1,1,1,1,1,1,1,1,1,1,1,1,1,1,1,1,1,1,1,1,1,1,1,1,1,1,1,1,1,1,1,1,1,1,1,1,1,1,1,1,1,1,1,1,1,1,1,1,1,1,
STG2,dpastgdesrtdm,/dev,0.00%,,,0.00%,0.00%,0,0,0,0,0,0,0,0,0,0,0,0,0,0,0,0,0,0,0,0,0,0,0,0,0,0,0,0,0,0,0,0,0,0,0,0,0,0,0,0,0,0,0,0,0,0,0,0,0,0,
STG2,dpastgdesrtdm,/work,1.00%,,,1.00%,1.00%,1,1,1,1,1,1,1,1,1,1,1,1,1,1,1,1,1,1,1,1,1,1,1,1,1,1,1,1,1,1,1,1,1,1,1,1,1,1,1,1,1,1,1,1,1,1,1,1,1,1,
STG2,dpastgdicomp,/,18.00%,,,16.00%,17.00%,18,17,17,17,17,17,17,17,17,17,17,17,17,17,17,17,17,17,19,19,20,20,20,19,20,19,20,20,21,20,20,20,20,22,21,20,20,21,20,20,21,21,22,21,21,21,21,21,21,21,
STG2,dpastgdicomp,/appl/depot,1.00%,,,1.00%,1.00%,1,1,1,1,1,1,1,1,1,1,1,1,1,1,1,1,1,1,1,1,1,1,1,1,1,1,1,1,1,1,1,1,1,1,1,1,1,1,1,1,1,1,1,1,1,1,1,1,1,1,
STG2,dpastgdicomp,/appl/di_shareddata,1.00%,,,1.00%,1.00%,1,1,1,1,1,1,1,1,1,1,1,1,1,1,1,1,1,1,1,1,1,1,1,1,1,1,1,1,1,1,1,1,1,1,1,1,1,1,1,1,1,1,1,1,1,1,1,1,1,1,
STG2,dpastgdicomp,/appl/sasbackup,1.00%,,,1.00%,1.00%,1,1,1,1,1,1,1,1,1,1,1,1,1,1,1,1,1,1,1,1,1,1,1,1,1,1,1,1,1,1,1,1,1,1,1,1,1,1,1,1,1,1,1,1,1,1,1,1,1,1,
STG2,dpastgdicomp,/appl/sasdata,1.00%,,,1.00%,1.00%,1,1,1,1,1,1,1,1,1,1,1,1,1,1,1,1,1,1,1,1,1,1,1,1,1,1,1,1,1,1,1,1,1,1,1,1,1,1,1,1,1,1,1,1,1,1,1,1,1,1,
STG2,dpastgdicomp,/appl/saslogs,1.00%,,,1.00%,1.00%,1,1,1,1,1,1,1,1,1,1,1,1,1,1,1,1,1,1,1,1,1,1,1,1,1,1,1,1,1,1,1,1,1,1,1,1,1,1,1,1,1,1,1,1,1,1,1,1,1,1,
STG2,dpastgdicomp,/dev,0.00%,,,0.00%,0.00%,0,0,0,0,0,0,0,0,0,0,0,0,0,0,0,0,0,0,0,0,0,0,0,0,0,0,0,0,0,0,0,0,0,0,0,0,0,0,0,0,0,0,0,0,0,0,0,0,0,0,
STG2,dpastgdicomp,/sas,65.00%,,,74.00%,75.00%,64,76,73,67,70,65,70,73,74,79,70,72,71,72,73,74,74,75,76,71,71,62,62,62,62,62,71,71,71,71,71,71,62,62,62,62,62,62,70,70,70,72,73,73,77,81,77,73,74,61,
STG2,dpastgdicomp,/work,2.00%,,,3.00%,2.00%,2,2,2,2,2,2,2,2,2,2,2,2,3,3,3,3,3,3,4,3,3,3,3,3,3,3,3,3,4,3,3,3,4,4,3,3,3,3,3,3,3,3,1,1,1,1,1,1,2,1,
STG2,dpastgespesm,/,17.00%,,,50.00%,50.00%,50,50,50,50,50,50,50,50,50,50,50,50,50,50,50,51,51,51,51,51,51,51,51,51,51,51,51,51,51,51,52,52,52,52,52,52,52,52,52,52,55,55,55,55,55,55,55,55,55,55,
STG2,dpastgespesm,/appl/di_shareddata,1.00%,,,1.00%,1.00%,1,1,1,1,1,1,1,1,1,1,1,1,1,1,1,1,1,1,1,1,1,1,1,1,1,1,1,1,1,1,1,1,1,1,1,1,1,1,1,1,1,1,1,1,1,1,1,1,1,1,
STG2,dpastgespesm,/appl/repo,1.00%,,,1.00%,1.00%,1,1,1,1,1,1,1,1,1,1,1,1,1,1,1,1,1,1,1,1,1,1,1,1,1,1,1,1,1,1,1,1,1,1,1,1,1,1,1,1,1,1,1,1,1,1,1,1,1,1,
STG2,dpastgespesm,/appl/sasbackup,1.00%,,,1.00%,1.00%,1,1,1,1,1,1,1,1,1,1,1,1,1,1,1,1,1,1,1,1,1,1,1,1,1,1,1,1,1,1,1,1,1,1,1,1,1,1,1,1,1,1,1,1,1,1,1,1,1,1,
STG2,dpastgespesm,/appl/saslogs,1.00%,,,1.00%,1.00%,1,1,1,1,1,1,1,1,1,1,1,1,1,1,1,1,1,1,1,1,1,1,1,1,1,1,1,1,1,1,1,1,1,1,1,1,1,1,1,1,1,1,1,1,1,1,1,1,1,1,
STG2,dpastgespesm,/dev,0.00%,,,0.00%,0.00%,0,0,0,0,0,0,0,0,0,0,0,0,0,0,0,0,0,0,0,0,0,0,0,0,0,0,0,0,0,0,0,0,0,0,0,0,0,0,0,0,0,0,0,0,0,0,0,0,0,0,
STG2,dpastgespesm,/opt/sas/viya/config,10.00%,,,11.00%,11.00%,12,13,13,13,14,14,14,15,15,15,16,16,16,17,17,18,18,18,19,19,19,20,20,21,21,21,22,22,23,23,23,24,24,24,25,25,26,26,26,27,27,28,28,28,29,29,30,30,30,31,
STG2,dpastgespesm,/opt/sas/viya/home,4.00%,,,4.00%,4.00%,4,4,4,4,4,4,4,4,4,4,4,4,4,4,4,4,4,4,4,4,4,4,4,4,4,4,4,4,4,4,4,4,4,4,4,4,4,4,4,4,4,4,4,4,4,4,4,4,4,4,
STG2,dpastgespkwik01,/,50.00%,,,51.00%,52.00%,53,53,53,53,55,56,57,58,59,60,61,62,63,64,65,67,68,69,72,74,76,78,61,62,64,66,68,69,71,73,75,77,66,69,71,73,76,79,62,64,67,70,73,74,76,79,72,74,76,78,
STG2,dpastgespkwik01,/appl/di_shareddata,1.00%,,,1.00%,1.00%,1,1,1,1,1,1,1,1,1,1,1,1,1,1,1,1,1,1,1,1,1,1,1,1,1,1,1,1,1,1,1,1,1,1,1,1,1,1,1,1,1,1,1,1,1,1,1,1,1,1,
STG2,dpastgespkwik01,/appl/sasbackup,1.00%,,,1.00%,1.00%,1,1,1,1,1,1,1,1,1,1,1,1,1,1,1,1,1,1,1,1,1,1,1,1,1,1,1,1,1,1,1,1,1,1,1,1,1,1,1,1,1,1,1,1,1,1,1,1,1,1,
STG2,dpastgespkwik01,/dev,0.00%,,,0.00%,0.00%,0,0,0,0,0,0,0,0,0,0,0,0,0,0,0,0,0,0,0,0,0,0,0,0,0,0,0,0,0,0,0,0,0,0,0,0,0,0,0,0,0,0,0,0,0,0,0,0,0,0,
STG2,dpastgespkwik01,/logs,1.00%,,,1.00%,1.00%,1,1,1,1,1,1,1,1,1,1,1,1,1,1,1,1,1,1,1,1,1,1,1,1,1,1,1,1,1,1,1,1,1,1,1,1,1,1,1,1,1,1,1,1,1,1,1,1,1,1,
STG2,dpastgespkwik01,/opt/sas/viya/config,11.00%,,,11.00%,11.00%,12,12,12,12,12,12,13,13,14,14,14,12,13,13,14,14,15,15,15,16,16,17,17,17,18,18,19,19,20,20,21,21,22,22,23,23,23,23,24,25,26,26,27,27,27,28,28,29,29,30,
STG2,dpastgespkwik01,/opt/sas/viya/data,24.00%,,,46.00%,46.00%,45,45,46,46,46,46,45,46,45,46,25,25,25,25,99,13,22,22,22,22,28,28,28,28,28,28,28,28,28,28,28,28,28,28,28,28,28,28,28,28,28,28,28,28,28,28,28,28,28,28,
STG2,dpastgespkwik01,/opt/sas/viya/home,11.00%,,,11.00%,11.00%,11,11,11,11,11,11,11,11,11,11,11,11,11,11,11,11,11,11,11,11,11,11,11,11,11,11,11,11,11,11,11,11,11,11,11,11,11,11,11,11,11,11,11,11,11,11,11,11,11,11,
STG2,dpastgespkwik01,/python,1.00%,,,1.00%,1.00%,1,1,1,1,1,1,1,1,1,1,1,1,1,1,1,1,1,1,1,1,1,1,1,1,1,1,1,1,1,1,1,1,1,1,1,1,1,1,1,1,1,1,1,1,1,1,1,1,1,1,
STG2,dpastgespkwik02,/,51.00%,,,52.00%,53.00%,54,54,54,54,55,56,58,58,59,60,61,62,63,64,66,67,68,70,72,74,76,78,61,62,64,65,68,69,71,73,75,77,66,69,71,73,76,79,62,64,67,70,73,74,76,78,72,74,76,78,
STG2,dpastgespkwik02,/appl/di_shareddata,1.00%,,,1.00%,1.00%,1,1,1,1,1,1,1,1,1,1,1,1,1,1,1,1,1,1,1,1,1,1,1,1,1,1,1,1,1,1,1,1,1,1,1,1,1,1,1,1,1,1,1,1,1,1,1,1,1,1,
STG2,dpastgespkwik02,/appl/sasbackup,1.00%,,,1.00%,1.00%,1,1,1,1,1,1,1,1,1,1,1,1,1,1,1,1,1,1,1,1,1,1,1,1,1,1,1,1,1,1,1,1,1,1,1,1,1,1,1,1,1,1,1,1,1,1,1,1,1,1,
STG2,dpastgespkwik02,/dev,0.00%,,,0.00%,0.00%,0,0,0,0,0,0,0,0,0,0,0,0,0,0,0,0,0,0,0,0,0,0,0,0,0,0,0,0,0,0,0,0,0,0,0,0,0,0,0,0,0,0,0,0,0,0,0,0,0,0,
STG2,dpastgespkwik02,/logs,1.00%,,,1.00%,1.00%,1,1,1,1,1,1,1,1,1,1,1,1,1,1,1,1,1,1,1,1,1,1,1,1,1,1,1,1,1,1,1,1,1,1,1,1,1,1,1,1,1,1,1,1,1,1,1,1,1,1,
STG2,dpastgespkwik02,/opt/sas/viya/config,6.00%,,,7.00%,7.00%,7,7,7,8,7,7,8,8,8,8,8,8,9,9,9,10,10,11,11,11,12,12,13,13,14,14,14,15,15,16,16,17,17,17,18,18,19,19,20,20,21,21,22,22,22,23,23,24,24,24,
STG2,dpastgespkwik02,/opt/sas/viya/data,32.00%,,,34.00%,33.00%,33,33,32,33,33,32,33,32,33,32,32,32,32,32,100,22,34,33,33,33,42,42,42,42,42,42,42,42,42,42,42,42,42,42,42,42,42,42,42,42,42,42,42,42,42,42,42,42,42,42,
STG2,dpastgespkwik02,/opt/sas/viya/home,9.00%,,,9.00%,9.00%,9,9,9,9,9,9,9,9,9,9,9,9,9,9,9,9,9,9,9,9,9,9,9,9,9,9,9,9,9,9,9,9,9,9,9,9,9,9,9,9,9,9,9,9,9,9,9,9,9,9,
STG2,dpastgespkwik02,/python,1.00%,,,1.00%,1.00%,1,1,1,1,1,1,1,1,1,1,1,1,1,1,1,1,1,1,1,1,1,1,1,1,1,1,1,1,1,1,1,1,1,1,1,1,1,1,1,1,1,1,1,1,1,1,1,1,1,1,
STG2,dpastgespproc00,/,56.00%,,,56.00%,55.00%,56,56,56,56,56,55,55,55,55,55,56,56,56,56,56,56,56,56,56,56,56,56,56,56,56,56,57,57,57,57,57,57,57,57,57,56,56,56,55,56,58,59,63,62,62,63,63,63,63,62,
STG2,dpastgespproc00,/appl/di_shareddata,1.00%,,,1.00%,1.00%,1,1,1,1,1,1,1,1,1,1,1,1,1,1,1,1,1,1,1,1,1,1,1,1,1,1,1,1,1,1,1,1,1,1,1,1,1,1,1,1,1,1,1,1,1,1,1,1,1,1,
STG2,dpastgespproc00,/appl/sasbackup,1.00%,,,1.00%,1.00%,1,1,1,1,1,1,1,1,1,1,1,1,1,1,1,1,1,1,1,1,1,1,1,1,1,1,1,1,1,1,1,1,1,1,1,1,1,1,1,1,1,1,1,1,1,1,1,1,1,1,
STG2,dpastgespproc00,/dev,0.00%,,,0.00%,0.00%,0,0,0,0,0,0,0,0,0,0,0,0,0,0,0,0,0,0,0,0,0,0,0,0,0,0,0,0,0,0,0,0,0,0,0,0,0,0,0,0,0,0,0,0,0,0,0,0,0,0,
STG2,dpastgespproc00,/logs,1.00%,,,1.00%,1.00%,1,1,1,1,1,1,1,1,1,1,1,1,1,1,1,1,1,1,1,1,1,1,1,1,1,1,1,1,1,1,1,1,1,1,1,1,1,1,1,1,1,1,1,1,1,1,1,1,1,1,
STG2,dpastgespproc00,/opt/sas/viya/config,5.00%,,,5.00%,5.00%,5,6,6,6,6,6,6,6,6,7,8,8,8,8,8,8,8,8,8,8,8,9,9,9,9,9,9,11,11,11,11,12,12,12,12,12,12,12,12,12,13,13,13,13,13,13,13,13,13,13,
STG2,dpastgespproc00,/opt/sas/viya/data,49.00%,,,85.00%,78.00%,73,90,70,71,78,88,53,64,72,33,39,39,39,40,39,20,33,36,39,38,38,67,40,53,53,53,54,54,52,53,52,52,52,52,52,52,52,52,57,55,55,57,58,58,58,59,58,59,59,58,
STG2,dpastgespproc00,/opt/sas/viya/home,6.00%,,,6.00%,6.00%,6,6,6,6,6,6,6,6,6,6,6,6,6,6,6,6,6,6,6,6,6,6,6,6,6,6,6,6,6,6,6,6,6,6,6,6,6,6,6,6,6,6,6,6,6,6,6,6,6,6,
STG2,dpastgespproc01,/,51.00%,,,50.00%,49.00%,49,48,48,48,49,48,49,49,49,49,50,50,50,50,50,50,50,50,50,50,50,50,50,50,50,50,51,51,51,51,51,50,50,50,50,50,50,50,50,51,53,54,55,54,54,54,54,54,54,54,
STG2,dpastgespproc01,/appl/di_shareddata,1.00%,,,1.00%,1.00%,1,1,1,1,1,1,1,1,1,1,1,1,1,1,1,1,1,1,1,1,1,1,1,1,1,1,1,1,1,1,1,1,1,1,1,1,1,1,1,1,1,1,1,1,1,1,1,1,1,1,
STG2,dpastgespproc01,/appl/sasbackup,1.00%,,,1.00%,1.00%,1,1,1,1,1,1,1,1,1,1,1,1,1,1,1,1,1,1,1,1,1,1,1,1,1,1,1,1,1,1,1,1,1,1,1,1,1,1,1,1,1,1,1,1,1,1,1,1,1,1,
STG2,dpastgespproc01,/dev,0.00%,,,0.00%,0.00%,0,0,0,0,0,0,0,0,0,0,0,0,0,0,0,0,0,0,0,0,0,0,0,0,0,0,0,0,0,0,0,0,0,0,0,0,0,0,0,0,0,0,0,0,0,0,0,0,0,0,
STG2,dpastgespproc01,/logs,1.00%,,,1.00%,1.00%,1,1,1,1,1,1,1,1,1,1,1,1,1,1,1,1,1,1,1,1,1,1,1,1,1,1,1,1,1,1,1,1,1,1,1,1,1,1,1,1,1,1,1,1,1,1,1,1,1,1,
STG2,dpastgespproc01,/opt/sas/viya/config,5.00%,,,5.00%,5.00%,5,6,6,6,6,6,7,7,7,7,7,8,8,8,8,8,8,8,8,8,8,9,9,9,9,11,11,11,11,11,11,12,12,12,12,12,12,12,12,12,12,13,13,13,13,13,13,13,13,13,
STG2,dpastgespproc01,/opt/sas/viya/data,49.00%,,,76.00%,61.00%,68,72,71,67,77,72,31,28,33,40,41,53,58,58,48,21,33,36,39,39,40,60,39,53,52,52,52,52,52,52,52,52,52,52,52,52,52,52,55,52,52,53,53,52,52,52,51,52,52,52,
STG2,dpastgespproc01,/opt/sas/viya/home,6.00%,,,6.00%,6.00%,6,6,6,6,6,6,6,6,6,6,6,6,6,6,6,6,6,6,6,6,6,6,6,6,6,6,6,6,6,6,6,6,6,6,6,6,6,6,6,6,6,6,6,6,6,6,6,6,6,6,
STG2,dpastgespproc02,/,51.00%,,,50.00%,49.00%,49,48,48,48,49,49,49,49,49,49,50,50,50,50,50,50,50,50,50,50,50,50,50,50,50,50,51,51,51,51,51,51,50,50,50,50,50,50,50,51,53,54,55,54,54,54,54,54,54,54,
STG2,dpastgespproc02,/appl/di_shareddata,1.00%,,,1.00%,1.00%,1,1,1,1,1,1,1,1,1,1,1,1,1,1,1,1,1,1,1,1,1,1,1,1,1,1,1,1,1,1,1,1,1,1,1,1,1,1,1,1,1,1,1,1,1,1,1,1,1,1,
STG2,dpastgespproc02,/appl/sasbackup,1.00%,,,1.00%,1.00%,1,1,1,1,1,1,1,1,1,1,1,1,1,1,1,1,1,1,1,1,1,1,1,1,1,1,1,1,1,1,1,1,1,1,1,1,1,1,1,1,1,1,1,1,1,1,1,1,1,1,
STG2,dpastgespproc02,/dev,0.00%,,,0.00%,0.00%,0,0,0,0,0,0,0,0,0,0,0,0,0,0,0,0,0,0,0,0,0,0,0,0,0,0,0,0,0,0,0,0,0,0,0,0,0,0,0,0,0,0,0,0,0,0,0,0,0,0,
STG2,dpastgespproc02,/logs,1.00%,,,1.00%,1.00%,1,1,1,1,1,1,1,1,1,1,1,1,1,1,1,1,1,1,1,1,1,1,1,1,1,1,1,1,1,1,1,1,1,1,1,1,1,1,1,1,1,1,1,1,1,1,1,1,1,1,
STG2,dpastgespproc02,/opt/sas/viya/config,5.00%,,,5.00%,5.00%,5,6,6,6,6,6,6,7,7,7,7,8,8,8,8,8,8,8,8,8,8,9,9,9,9,9,11,11,11,11,11,12,12,12,12,12,12,12,12,12,13,13,13,13,13,13,13,13,13,13,
STG2,dpastgespproc02,/opt/sas/viya/data,51.00%,,,80.00%,64.00%,72,74,68,68,79,70,31,27,33,39,39,39,39,40,30,21,34,37,39,40,40,51,39,52,52,52,52,52,53,52,52,52,52,52,52,52,52,52,55,52,52,52,52,51,51,51,52,51,52,51,
STG2,dpastgespproc02,/opt/sas/viya/home,6.00%,,,6.00%,6.00%,6,6,6,6,6,6,6,6,6,6,6,6,6,6,6,6,6,6,6,6,6,6,6,6,6,6,6,6,6,6,6,6,6,6,6,6,6,6,6,6,6,6,6,6,6,6,6,6,6,6,
STG2,dpastgespproc03,/,51.00%,,,51.00%,50.00%,51,50,50,50,50,50,46,48,49,51,51,51,51,51,52,52,52,52,52,52,52,52,52,52,52,52,52,52,53,52,52,52,52,52,51,51,51,52,52,52,55,56,56,55,55,56,56,56,56,55,
STG2,dpastgespproc03,/appl/di_shareddata,1.00%,,,1.00%,1.00%,1,1,1,1,1,1,1,1,1,1,1,1,1,1,1,1,1,1,1,1,1,1,1,1,1,1,1,1,1,1,1,1,1,1,1,1,1,1,1,1,1,1,1,1,1,1,1,1,1,1,
STG2,dpastgespproc03,/appl/sasbackup,1.00%,,,1.00%,1.00%,1,1,1,1,1,1,1,1,1,1,1,1,1,1,1,1,1,1,1,1,1,1,1,1,1,1,1,1,1,1,1,1,1,1,1,1,1,1,1,1,1,1,1,1,1,1,1,1,1,1,
STG2,dpastgespproc03,/dev,0.00%,,,0.00%,0.00%,0,0,0,0,0,0,0,0,0,0,0,0,0,0,0,0,0,0,0,0,0,0,0,0,0,0,0,0,0,0,0,0,0,0,0,0,0,0,0,0,0,0,0,0,0,0,0,0,0,0,
STG2,dpastgespproc03,/logs,1.00%,,,1.00%,1.00%,1,1,1,1,1,1,1,1,1,1,1,1,1,1,1,1,1,1,1,1,1,1,1,1,1,1,1,1,1,1,1,1,1,1,1,1,1,1,1,1,1,1,1,1,1,1,1,1,1,1,
STG2,dpastgespproc03,/opt/sas/viya/config,48.00%,,,73.00%,40.00%,43,44,48,49,50,51,27,23,25,27,28,31,32,33,34,35,31,33,34,36,37,41,42,43,44,45,51,52,53,54,55,56,57,58,59,70,51,54,56,57,58,62,63,64,65,61,63,65,66,67,
STG2,dpastgespproc03,/opt/sas/viya/data,39.00%,,,39.00%,50.00%,55,58,57,57,67,57,30,32,36,42,42,41,42,42,33,20,33,35,38,39,39,51,38,51,51,51,51,51,51,51,50,50,50,51,50,50,50,50,54,51,50,51,51,50,49,50,50,50,51,50,
STG2,dpastgespproc03,/opt/sas/viya/home,6.00%,,,6.00%,6.00%,6,6,6,6,6,6,6,6,6,6,6,6,6,6,6,6,6,6,6,6,6,6,6,6,6,6,6,6,6,6,6,6,6,6,6,6,6,6,6,6,6,6,6,6,6,6,6,6,6,6,
STG2,dpastgespproc04,/,51.00%,,,69.00%,50.00%,51,50,50,50,50,50,51,51,51,51,51,51,51,51,52,52,52,52,52,52,52,52,52,52,52,52,52,52,53,52,52,52,52,52,51,52,52,52,52,52,55,55,56,55,55,56,56,56,56,55,
STG2,dpastgespproc04,/appl/di_shareddata,1.00%,,,1.00%,1.00%,1,1,1,1,1,1,1,1,1,1,1,1,1,1,1,1,1,1,1,1,1,1,1,1,1,1,1,1,1,1,1,1,1,1,1,1,1,1,1,1,1,1,1,1,1,1,1,1,1,1,
STG2,dpastgespproc04,/appl/sasbackup,1.00%,,,1.00%,1.00%,1,1,1,1,1,1,1,1,1,1,1,1,1,1,1,1,1,1,1,1,1,1,1,1,1,1,1,1,1,1,1,1,1,1,1,1,1,1,1,1,1,1,1,1,1,1,1,1,1,1,
STG2,dpastgespproc04,/dev,0.00%,,,0.00%,0.00%,0,0,0,0,0,0,0,0,0,0,0,0,0,0,0,0,0,0,0,0,0,0,0,0,0,0,0,0,0,0,0,0,0,0,0,0,0,0,0,0,0,0,0,0,0,0,0,0,0,0,
STG2,dpastgespproc04,/logs,1.00%,,,1.00%,1.00%,1,1,1,1,1,1,1,1,1,1,1,1,1,1,1,1,1,1,1,1,1,1,1,1,1,1,1,1,1,1,1,1,1,1,1,1,1,1,1,1,1,1,1,1,1,1,1,1,1,1,
STG2,dpastgespproc04,/opt/sas/viya/config,5.00%,,,5.00%,5.00%,5,5,5,5,6,6,6,6,6,6,6,7,7,8,8,8,8,8,8,8,8,9,9,9,9,9,9,9,9,9,9,10,12,12,12,12,12,12,12,12,13,13,13,13,13,13,13,13,13,13,
STG2,dpastgespproc04,/opt/sas/viya/data,46.00%,,,48.00%,57.00%,67,68,67,69,79,71,31,33,37,43,43,43,43,43,33,20,33,35,38,38,38,51,38,51,50,50,50,51,51,51,50,50,50,51,50,50,50,50,54,51,50,51,51,51,51,51,52,51,52,52,
STG2,dpastgespproc04,/opt/sas/viya/home,6.00%,,,6.00%,6.00%,6,6,6,6,6,6,6,6,6,6,6,6,6,6,6,6,6,6,6,6,6,6,6,6,6,6,6,6,6,6,6,6,6,6,6,6,6,6,6,6,6,6,6,6,6,6,6,6,6,6,
STG2,dpastgespproc05,/,52.00%,,,69.00%,50.00%,51,50,50,50,51,50,51,51,51,51,51,51,52,52,52,52,52,52,52,52,52,52,52,52,52,52,53,53,53,53,53,52,52,52,52,54,54,55,54,55,55,56,57,56,56,56,56,56,56,56,
STG2,dpastgespproc05,/appl/di_shareddata,1.00%,,,1.00%,1.00%,1,1,1,1,1,1,1,1,1,1,1,1,1,1,1,1,1,1,1,1,1,1,1,1,1,1,1,1,1,1,1,1,1,1,1,1,1,1,1,1,1,1,1,1,1,1,1,1,1,1,
STG2,dpastgespproc05,/appl/sasbackup,1.00%,,,1.00%,1.00%,1,1,1,1,1,1,1,1,1,1,1,1,1,1,1,1,1,1,1,1,1,1,1,1,1,1,1,1,1,1,1,1,1,1,1,1,1,1,1,1,1,1,1,1,1,1,1,1,1,1,
STG2,dpastgespproc05,/dev,0.00%,,,0.00%,0.00%,0,0,0,0,0,0,0,0,0,0,0,0,0,0,0,0,0,0,0,0,0,0,0,0,0,0,0,0,0,0,0,0,0,0,0,0,0,0,0,0,0,0,0,0,0,0,0,0,0,0,
STG2,dpastgespproc05,/logs,1.00%,,,1.00%,1.00%,1,1,1,1,1,1,1,1,1,1,1,1,1,1,1,1,1,1,1,1,1,1,1,1,1,1,1,1,1,1,1,1,1,1,1,1,1,1,1,1,1,1,1,1,1,1,1,1,1,1,
STG2,dpastgespproc05,/opt/sas/viya/config,5.00%,,,5.00%,5.00%,5,6,6,6,6,6,6,6,6,7,7,8,8,8,8,8,8,8,8,8,8,9,9,9,9,9,9,9,11,11,11,12,12,12,12,12,12,12,12,12,12,13,13,13,13,13,13,13,13,13,
STG2,dpastgespproc05,/opt/sas/viya/data,43.00%,,,48.00%,58.00%,67,72,67,66,77,69,31,33,36,43,43,42,43,43,33,21,33,36,39,39,39,52,40,52,52,52,52,52,52,51,51,51,51,52,51,51,51,51,55,52,52,52,53,52,51,52,52,52,53,52,
STG2,dpastgespproc05,/opt/sas/viya/home,6.00%,,,6.00%,6.00%,6,6,6,6,6,6,6,6,6,6,6,6,6,6,6,6,6,6,6,6,6,6,6,6,6,6,6,6,6,6,6,6,6,6,6,6,6,6,6,6,6,6,6,6,6,6,6,6,6,6,
STG2,dpastgespproc06,/,51.00%,,,70.00%,50.00%,51,50,50,50,50,50,51,51,51,51,51,51,51,52,52,52,52,52,52,52,52,52,52,52,52,52,53,53,53,52,52,52,52,52,52,54,54,54,54,55,55,55,56,55,55,56,56,56,56,55,
STG2,dpastgespproc06,/appl/di_shareddata,1.00%,,,1.00%,1.00%,1,1,1,1,1,1,1,1,1,1,1,1,1,1,1,1,1,1,1,1,1,1,1,1,1,1,1,1,1,1,1,1,1,1,1,1,1,1,1,1,1,1,1,1,1,1,1,1,1,1,
STG2,dpastgespproc06,/appl/sasbackup,1.00%,,,1.00%,1.00%,1,1,1,1,1,1,1,1,1,1,1,1,1,1,1,1,1,1,1,1,1,1,1,1,1,1,1,1,1,1,1,1,1,1,1,1,1,1,1,1,1,1,1,1,1,1,1,1,1,1,
STG2,dpastgespproc06,/dev,0.00%,,,0.00%,0.00%,0,0,0,0,0,0,0,0,0,0,0,0,0,0,0,0,0,0,0,0,0,0,0,0,0,0,0,0,0,0,0,0,0,0,0,0,0,0,0,0,0,0,0,0,0,0,0,0,0,0,
STG2,dpastgespproc06,/logs,1.00%,,,1.00%,1.00%,1,1,1,1,1,1,1,1,1,1,1,1,1,1,1,1,1,1,1,1,1,1,1,1,1,1,1,1,1,1,1,1,1,1,1,1,1,1,1,1,1,1,1,1,1,1,1,1,1,1,
STG2,dpastgespproc06,/opt/sas/viya/config,5.00%,,,5.00%,5.00%,5,6,6,6,6,6,6,7,7,7,7,8,8,8,8,8,8,8,8,8,8,9,9,9,9,9,11,11,11,11,11,12,12,12,12,12,12,12,12,12,12,13,13,13,13,13,13,13,13,13,
STG2,dpastgespproc06,/opt/sas/viya/data,44.00%,,,48.00%,56.00%,67,70,70,72,79,71,31,33,37,43,44,54,62,65,33,18,32,37,40,40,40,52,40,53,52,53,52,52,53,52,52,52,52,52,51,51,51,51,55,52,52,52,52,51,51,51,51,51,52,52,
STG2,dpastgespproc06,/opt/sas/viya/home,6.00%,,,6.00%,6.00%,6,6,6,6,6,6,6,6,6,6,6,6,6,6,6,6,6,6,6,6,6,6,6,6,6,6,6,6,6,6,6,6,6,6,6,6,6,6,6,6,6,6,6,6,6,6,6,6,6,6,
STG2,dpastgespproc07,/,51.00%,,,72.00%,50.00%,52,50,50,50,51,50,51,51,51,51,51,51,52,52,52,52,52,52,52,52,52,52,52,52,52,52,53,53,53,53,52,52,52,52,52,54,54,55,54,55,55,56,56,56,56,56,56,56,56,56,
STG2,dpastgespproc07,/appl/di_shareddata,1.00%,,,1.00%,1.00%,1,1,1,1,1,1,1,1,1,1,1,1,1,1,1,1,1,1,1,1,1,1,1,1,1,1,1,1,1,1,1,1,1,1,1,1,1,1,1,1,1,1,1,1,1,1,1,1,1,1,
STG2,dpastgespproc07,/appl/sasbackup,1.00%,,,1.00%,1.00%,1,1,1,1,1,1,1,1,1,1,1,1,1,1,1,1,1,1,1,1,1,1,1,1,1,1,1,1,1,1,1,1,1,1,1,1,1,1,1,1,1,1,1,1,1,1,1,1,1,1,
STG2,dpastgespproc07,/dev,0.00%,,,0.00%,0.00%,0,0,0,0,0,0,0,0,0,0,0,0,0,0,0,0,0,0,0,0,0,0,0,0,0,0,0,0,0,0,0,0,0,0,0,0,0,0,0,0,0,0,0,0,0,0,0,0,0,0,
STG2,dpastgespproc07,/logs,1.00%,,,1.00%,1.00%,1,1,1,1,1,1,1,1,1,1,1,1,1,1,1,1,1,1,1,1,1,1,1,1,1,1,1,1,1,1,1,1,1,1,1,1,1,1,1,1,1,1,1,1,1,1,1,1,1,1,
STG2,dpastgespproc07,/opt/sas/viya/config,5.00%,,,5.00%,5.00%,5,6,6,6,6,6,6,7,7,7,7,8,8,8,8,8,8,8,8,8,8,9,9,7,9,9,11,11,11,11,11,12,12,12,12,12,12,12,12,12,12,13,13,13,13,13,13,13,13,13,
STG2,dpastgespproc07,/opt/sas/viya/data,46.00%,,,48.00%,57.00%,69,72,71,72,79,72,31,32,36,43,43,43,43,43,33,21,34,37,39,39,40,52,39,53,52,52,52,53,53,52,52,52,52,52,51,51,51,51,56,52,52,52,53,51,51,51,52,51,52,52,
STG2,dpastgespproc07,/opt/sas/viya/home,6.00%,,,6.00%,6.00%,6,6,6,6,6,6,6,6,6,6,6,6,6,6,6,6,6,6,6,6,6,6,6,6,6,6,6,6,6,6,6,6,6,6,6,6,6,6,6,6,6,6,6,6,6,6,6,6,6,6,
STG2,dpastgespproc08,/,51.00%,,,70.00%,50.00%,51,50,50,50,50,50,51,51,51,51,51,51,51,51,52,52,52,52,52,52,52,52,52,52,52,52,52,52,53,52,52,52,52,52,51,54,54,54,54,54,55,55,56,55,55,56,56,56,56,55,
STG2,dpastgespproc08,/appl/di_shareddata,1.00%,,,1.00%,1.00%,1,1,1,1,1,1,1,1,1,1,1,1,1,1,1,1,1,1,1,1,1,1,1,1,1,1,1,1,1,1,1,1,1,1,1,1,1,1,1,1,1,1,1,1,1,1,1,1,1,1,
STG2,dpastgespproc08,/appl/sasbackup,1.00%,,,1.00%,1.00%,1,1,1,1,1,1,1,1,1,1,1,1,1,1,1,1,1,1,1,1,1,1,1,1,1,1,1,1,1,1,1,1,1,1,1,1,1,1,1,1,1,1,1,1,1,1,1,1,1,1,
STG2,dpastgespproc08,/dev,0.00%,,,0.00%,0.00%,0,0,0,0,0,0,0,0,0,0,0,0,0,0,0,0,0,0,0,0,0,0,0,0,0,0,0,0,0,0,0,0,0,0,0,0,0,0,0,0,0,0,0,0,0,0,0,0,0,0,
STG2,dpastgespproc08,/logs,1.00%,,,1.00%,1.00%,1,1,1,1,1,1,1,1,1,1,1,1,1,1,1,1,1,1,1,1,1,1,1,1,1,1,1,1,1,1,1,1,1,1,1,1,1,1,1,1,1,1,1,1,1,1,1,1,1,1,
STG2,dpastgespproc08,/opt/sas/viya/config,5.00%,,,5.00%,5.00%,5,6,6,6,6,6,6,6,6,7,8,8,8,8,8,8,8,8,8,8,8,9,9,9,9,9,9,9,11,11,11,12,12,12,12,12,12,12,12,12,13,13,13,13,13,13,13,13,13,13,
STG2,dpastgespproc08,/opt/sas/viya/data,44.00%,,,49.00%,55.00%,67,70,69,71,78,71,31,33,37,43,43,43,43,43,34,21,34,37,40,40,40,63,40,52,53,54,54,55,56,55,54,54,54,55,55,55,55,55,58,55,55,55,55,54,54,55,54,55,55,55,
STG2,dpastgespproc08,/opt/sas/viya/home,6.00%,,,6.00%,6.00%,6,6,6,6,6,6,6,6,6,6,6,6,6,6,6,6,6,6,6,6,6,6,6,6,6,6,6,6,6,6,6,6,6,6,6,6,6,6,6,6,6,6,6,6,6,6,6,6,6,6,
STG2,dpastgespproc09,/,58.00%,,,70.00%,57.00%,59,57,57,57,58,57,58,58,58,58,58,58,59,59,59,59,59,59,59,59,59,59,59,59,59,59,60,60,60,60,60,59,59,59,59,61,61,62,61,62,62,63,63,63,63,63,63,63,63,63,
STG2,dpastgespproc09,/appl/di_shareddata,1.00%,,,1.00%,1.00%,1,1,1,1,1,1,1,1,1,1,1,1,1,1,1,1,1,1,1,1,1,1,1,1,1,1,1,1,1,1,1,1,1,1,1,1,1,1,1,1,1,1,1,1,1,1,1,1,1,1,
STG2,dpastgespproc09,/appl/sasbackup,1.00%,,,1.00%,1.00%,1,1,1,1,1,1,1,1,1,1,1,1,1,1,1,1,1,1,1,1,1,1,1,1,1,1,1,1,1,1,1,1,1,1,1,1,1,1,1,1,1,1,1,1,1,1,1,1,1,1,
STG2,dpastgespproc09,/dev,0.00%,,,0.00%,0.00%,0,0,0,0,0,0,0,0,0,0,0,0,0,0,0,0,0,0,0,0,0,0,0,0,0,0,0,0,0,0,0,0,0,0,0,0,0,0,0,0,0,0,0,0,0,0,0,0,0,0,
STG2,dpastgespproc09,/logs,1.00%,,,1.00%,1.00%,1,1,1,1,1,1,1,1,1,1,1,1,1,1,1,1,1,1,1,1,1,1,1,1,1,1,1,1,1,1,1,1,1,1,1,1,1,1,1,1,1,1,1,1,1,1,1,1,1,1,
STG2,dpastgespproc09,/opt/sas/viya/config,5.00%,,,5.00%,5.00%,5,6,6,6,6,6,6,7,7,7,8,8,8,8,8,8,8,8,8,8,8,9,9,9,9,9,11,11,11,7,11,12,12,12,12,12,12,12,12,12,13,13,13,13,13,13,13,13,9,10,
STG2,dpastgespproc09,/opt/sas/viya/data,45.00%,,,47.00%,56.00%,70,74,71,70,80,71,31,33,37,43,43,44,43,44,34,22,35,37,40,40,40,53,40,53,53,53,53,53,53,53,53,53,53,53,53,53,53,53,56,54,53,54,54,52,52,52,52,52,53,52,
STG2,dpastgespproc09,/opt/sas/viya/home,6.00%,,,6.00%,6.00%,6,6,6,6,6,6,6,6,6,6,6,6,6,6,6,6,6,6,6,6,6,6,6,6,6,6,6,6,6,6,6,6,6,6,6,6,6,6,6,6,6,6,6,6,6,6,6,6,6,6,
STG2,dpastgespproc10,/,71.00%,,,73.00%,73.00%,74,73,73,73,74,76,76,77,78,78,78,78,79,67,68,68,68,14,15,15,14,15,16,16,16,16,15,16,17,15,16,17,17,17,16,16,17,16,16,17,17,17,17,18,18,17,17,17,16,16,
STG2,dpastgespproc10,/appl/di_shareddata,1.00%,,,1.00%,1.00%,1,1,1,1,1,1,1,1,1,1,1,1,1,1,1,1,1,1,1,1,1,1,1,1,1,1,1,1,1,1,1,1,1,1,1,1,1,1,1,1,1,1,1,1,1,1,1,1,1,1,
STG2,dpastgespproc10,/appl/sasbackup,1.00%,,,1.00%,1.00%,1,1,1,1,1,1,1,1,1,1,1,1,1,1,1,1,1,1,1,1,1,1,1,1,1,1,1,1,1,1,1,1,1,1,1,1,1,1,1,1,1,1,1,1,1,1,1,1,1,1,
STG2,dpastgespproc10,/dev,0.00%,,,0.00%,0.00%,0,0,0,0,0,0,0,0,0,0,0,0,0,0,0,0,0,0,0,0,0,0,0,0,0,0,0,0,0,0,0,0,0,0,0,0,0,0,0,0,0,0,0,0,0,0,0,0,0,0,
STG2,dpastgespproc10,/logs,1.00%,,,1.00%,1.00%,1,1,1,1,1,1,1,1,1,1,1,1,1,1,1,1,1,1,1,1,1,1,1,1,1,1,1,1,1,1,1,1,1,1,1,1,1,1,1,1,1,1,1,1,1,1,1,1,1,1,
STG2,dpastgespproc10,/opt/sas/viya/config,5.00%,,,5.00%,5.00%,6,6,6,6,7,7,7,7,7,8,6,6,6,6,4,4,4,4,4,4,4,5,5,5,5,5,5,5,5,5,5,5,5,5,5,5,5,5,5,5,5,6,6,6,6,6,6,6,6,6,
STG2,dpastgespproc10,/opt/sas/viya/data,27.00%,,,27.00%,27.00%,27,27,27,27,27,27,27,27,27,27,6,6,6,6,6,6,6,6,6,6,6,6,6,6,6,6,6,6,6,6,6,6,6,6,6,6,6,6,6,6,6,6,6,6,6,6,6,6,6,6,
STG2,dpastgespproc10,/opt/sas/viya/home,6.00%,,,6.00%,6.00%,6,6,6,6,6,6,6,6,6,6,6,6,6,6,6,6,6,6,6,6,6,6,6,6,6,6,6,6,6,6,6,6,6,6,6,6,6,6,6,6,6,6,6,6,6,6,6,6,6,6,
STG2,dpastgma,/,22.00%,,,21.00%,21.00%,22,21,21,21,22,21,21,21,21,21,21,21,22,22,22,22,22,22,22,22,22,22,22,22,22,23,23,23,23,23,24,23,24,24,24,24,24,25,24,24,26,26,27,26,26,26,26,26,26,26,
STG2,dpastgma,/appl/config,1.00%,,,1.00%,1.00%,1,1,1,1,1,1,1,1,1,1,1,1,1,1,1,1,1,1,1,1,1,1,1,1,1,1,1,1,1,1,1,1,1,1,1,1,1,1,1,1,1,1,1,1,1,1,1,1,1,1,
STG2,dpastgma,/appl/depot,1.00%,,,1.00%,1.00%,1,1,1,1,1,1,1,1,1,1,1,1,1,1,1,1,1,1,1,1,1,1,1,1,1,1,1,1,1,1,1,1,1,1,1,1,1,1,1,1,1,1,1,1,1,1,1,1,1,1,
STG2,dpastgma,/appl/di_shareddata,1.00%,,,1.00%,1.00%,1,1,1,1,1,1,1,1,1,1,1,1,1,1,1,1,1,1,1,1,1,1,1,1,1,1,1,1,1,1,1,1,1,1,1,1,1,1,1,1,1,1,1,1,1,1,1,1,1,1,
STG2,dpastgma,/appl/lsf,1.00%,,,1.00%,1.00%,1,1,1,1,1,1,1,1,1,1,1,1,1,1,1,1,1,1,1,1,1,1,1,1,1,1,1,1,1,1,1,1,1,1,1,1,1,1,1,1,1,1,1,1,1,1,1,1,1,1,
STG2,dpastgma,/appl/sasbackup,1.00%,,,1.00%,1.00%,1,1,1,1,1,1,1,1,1,1,1,1,1,1,1,1,1,1,1,1,1,1,1,1,1,1,1,1,1,1,1,1,1,1,1,1,1,1,1,1,1,1,1,1,1,1,1,1,1,1,
STG2,dpastgma,/appl/sasdata,1.00%,,,1.00%,1.00%,1,1,1,1,1,1,1,1,1,1,1,1,1,1,1,1,1,1,1,1,1,1,1,1,1,1,1,1,1,1,1,1,1,1,1,1,1,1,1,1,1,1,1,1,1,1,1,1,1,1,
STG2,dpastgma,/appl/sashome,13.00%,,,13.00%,13.00%,13,13,13,13,13,13,13,13,13,13,13,13,13,13,13,13,13,13,13,13,13,13,13,13,13,13,13,13,13,13,13,13,13,13,13,13,13,13,13,13,13,13,13,13,13,13,13,13,13,13,
STG2,dpastgma,/appl/saslogs,1.00%,,,1.00%,1.00%,1,1,1,1,1,1,1,1,1,1,1,1,1,1,1,1,1,1,1,1,1,1,1,1,1,1,1,1,1,1,1,1,1,1,1,1,1,1,1,1,1,1,1,1,1,1,1,1,1,1,
STG2,dpastgma,/dev,0.00%,,,0.00%,0.00%,0,0,0,0,0,0,0,0,0,0,0,0,0,0,0,0,0,0,0,0,0,0,0,0,0,0,0,0,0,0,0,0,0,0,0,0,0,0,0,0,0,0,0,0,0,0,0,0,0,0,
STG2,dpastgma,/work,15.00%,,,16.00%,12.00%,16,1,1,1,1,1,1,1,1,1,1,1,1,1,1,1,1,1,1,1,1,1,1,1,1,1,1,1,1,1,1,1,1,1,1,1,1,1,1,1,1,1,1,8,1,2,1,1,1,1,
STG2,dpastgmo,/,29.00%,,,23.00%,23.00%,24,18,19,19,21,21,22,22,24,25,25,29,33,35,38,39,40,41,42,46,46,48,50,51,52,52,56,66,65,64,70,78,50,59,60,61,61,65,62,61,62,65,61,65,66,68,68,67,68,69,
STG2,dpastgmo,/appl/depot,1.00%,,,1.00%,1.00%,1,1,1,1,1,1,1,1,1,1,1,1,1,1,1,1,1,1,1,1,1,1,1,1,1,1,1,1,1,1,1,1,1,1,1,1,1,1,1,1,1,1,1,1,1,1,1,1,1,1,
STG2,dpastgmo,/appl/di_shareddata,1.00%,,,1.00%,1.00%,1,1,1,1,1,1,1,1,1,1,1,1,1,1,1,1,1,1,1,1,1,1,1,1,1,1,1,1,1,1,1,1,1,1,1,1,1,1,1,1,1,1,1,1,1,1,1,1,1,1,
STG2,dpastgmo,/appl/sasbackup,1.00%,,,1.00%,1.00%,1,1,1,1,1,1,1,1,1,1,1,1,1,1,1,1,1,1,1,1,1,1,1,1,1,1,1,1,1,1,1,1,1,1,1,1,1,1,1,1,1,1,1,1,1,1,1,1,1,1,
STG2,dpastgmo,/appl/sasconfig,1.00%,,,1.00%,1.00%,1,1,1,1,1,1,1,1,1,1,1,1,1,1,1,1,1,1,1,1,1,1,1,1,1,1,1,1,1,1,1,1,1,1,1,1,1,1,1,1,1,1,1,1,1,1,1,1,1,1,
STG2,dpastgmo,/appl/sasdata,1.00%,,,1.00%,1.00%,1,1,1,1,1,1,1,1,1,1,1,1,1,1,1,1,1,1,1,1,1,1,1,1,1,1,1,1,1,1,1,1,1,1,1,1,1,1,1,1,1,1,1,1,1,1,1,1,1,1,
STG2,dpastgmo,/appl/sashome,18.00%,,,18.00%,18.00%,18,18,18,18,18,18,18,18,18,18,18,18,18,18,18,18,18,18,18,18,18,18,18,18,18,18,18,18,18,18,18,18,18,18,18,18,18,18,18,18,18,18,18,18,18,18,18,18,18,18,
STG2,dpastgmo,/appl/saslogs,1.00%,,,1.00%,1.00%,1,1,1,1,1,1,1,1,1,1,1,1,1,1,1,1,1,1,1,1,1,1,1,1,1,1,1,1,1,1,1,1,1,1,1,1,1,1,1,1,1,1,1,1,1,1,1,1,1,1,
STG2,dpastgmo,/dev,0.00%,,,0.00%,0.00%,0,0,0,0,0,0,0,0,0,0,0,0,0,0,0,0,0,0,0,0,0,3,3,6,6,7,9,11,11,11,11,12,14,15,16,16,17,22,69,28,28,28,28,28,28,28,28,28,28,28,
STG2,dpastgmo,/var/lib/docker/overlay2/4f9b6e7b178cdec63fdffd87d78424a6a74821c1ae1461239da2a41a6f9d8517/merged,,,,,,,,,,,,,,,,,,,,,,,,,,,,,,,,,,,,,,,,,,,,,,,,,,,,,,,69,
STG2,dpastgmo,/work,1.00%,,,1.00%,1.00%,1,1,1,1,1,1,1,1,1,1,1,1,1,1,1,1,1,1,1,1,1,1,1,1,1,1,1,1,1,1,1,1,1,1,1,1,1,1,1,2,4,4,4,4,4,4,4,4,4,4,
STG2,dpastgrtdmrundep,/,51.00%,,,50.00%,50.00%,51,50,50,50,50,50,50,50,50,50,50,50,51,51,51,51,51,51,51,51,51,51,51,51,51,51,51,51,52,51,52,52,52,52,52,52,52,54,53,53,55,56,56,56,56,56,56,56,56,56,
STG2,dpastgrtdmrundep,/appl/config,22.00%,,,20.00%,21.00%,21,22,23,23,23,24,24,24,26,26,26,27,27,27,27,26,26,27,27,27,27,28,29,30,31,32,33,34,34,35,35,36,37,38,38,39,40,41,41,41,35,35,35,35,36,32,33,33,33,34,
STG2,dpastgrtdmrundep,/appl/depot,1.00%,,,1.00%,1.00%,1,1,1,1,1,1,1,1,1,1,1,1,1,1,1,1,1,1,1,1,1,1,1,1,1,1,1,1,1,1,1,1,1,1,1,1,1,1,1,1,1,1,1,1,1,1,1,1,1,1,
STG2,dpastgrtdmrundep,/appl/di_shareddata,1.00%,,,1.00%,1.00%,1,1,1,1,1,1,1,1,1,1,1,1,1,1,1,1,1,1,1,1,1,1,1,1,1,1,1,1,1,1,1,1,1,1,1,1,1,1,1,1,1,1,1,1,1,1,1,1,1,1,
STG2,dpastgrtdmrundep,/appl/sasbackup,1.00%,,,1.00%,1.00%,1,1,1,1,1,1,1,1,1,1,1,1,1,1,1,1,1,1,1,1,1,1,1,1,1,1,1,1,1,1,1,1,1,1,1,1,1,1,1,1,1,1,1,1,1,1,1,1,1,1,
STG2,dpastgrtdmrundep,/appl/sashome,18.00%,,,18.00%,18.00%,18,18,18,18,18,18,18,18,18,18,18,18,18,18,18,18,18,18,18,18,18,18,18,18,18,18,18,18,18,18,18,18,18,18,18,18,18,18,18,18,18,18,18,18,18,18,18,18,18,18,
STG2,dpastgrtdmrundep,/appl/saslogs,1.00%,,,1.00%,1.00%,1,1,1,1,1,1,1,1,1,1,1,1,1,1,1,1,1,1,1,1,1,1,1,1,1,1,1,1,1,1,1,1,1,1,1,1,1,1,1,1,1,1,1,1,1,1,1,1,1,1,
STG2,dpastgrtdmrundep,/dev,0.00%,,,0.00%,0.00%,0,0,0,0,0,0,0,0,0,0,0,0,0,0,0,0,0,0,0,0,0,0,0,0,0,0,0,0,0,0,0,0,0,0,0,0,0,0,0,0,0,0,0,0,0,0,0,0,0,0,
STG2,dpastgrtdmrundep,/work,10.00%,,,10.00%,10.00%,10,10,10,10,10,10,10,10,10,10,10,10,10,10,10,10,10,10,10,10,10,10,10,10,10,10,10,10,10,10,10,10,10,10,10,10,10,10,10,10,10,10,10,10,10,10,10,10,10,10,
STG2,dpastgrunmeta01,/,21.00%,,,21.00%,20.00%,21,21,21,21,21,21,21,21,21,21,21,21,21,21,21,21,21,21,21,21,22,22,22,22,22,22,22,22,22,22,23,23,23,23,23,23,23,24,23,23,25,25,26,25,25,25,25,25,25,25,
STG2,dpastgrunmeta01,/appl/config,1.00%,,,1.00%,1.00%,1,1,1,1,1,1,1,1,1,1,1,1,1,1,1,1,1,1,1,1,1,1,1,1,1,1,1,1,1,1,1,1,1,1,1,2,2,2,2,2,2,2,2,2,2,2,2,2,2,2,
STG2,dpastgrunmeta01,/appl/depot,1.00%,,,1.00%,1.00%,1,1,1,1,1,1,1,1,1,1,1,1,1,1,1,1,1,1,1,1,1,1,1,1,1,1,1,1,1,1,1,1,1,1,1,1,1,1,1,1,1,1,1,1,1,1,1,1,1,1,
STG2,dpastgrunmeta01,/appl/di_shareddata,1.00%,,,1.00%,1.00%,1,1,1,1,1,1,1,1,1,1,1,1,1,1,1,1,1,1,1,1,1,1,1,1,1,1,1,1,1,1,1,1,1,1,1,1,1,1,1,1,1,1,1,1,1,1,1,1,1,1,
STG2,dpastgrunmeta01,/appl/sasbackup,1.00%,,,1.00%,1.00%,1,1,1,1,1,1,1,1,1,1,1,1,1,1,1,1,1,1,1,1,1,1,1,1,1,1,1,1,1,1,1,1,1,1,1,1,1,1,1,1,1,1,1,1,1,1,1,1,1,1,
STG2,dpastgrunmeta01,/appl/sashome,5.00%,,,5.00%,5.00%,5,5,5,5,5,5,5,5,5,5,5,5,5,5,5,5,5,5,5,5,5,5,5,5,5,5,5,5,5,5,5,5,5,5,5,5,5,5,5,5,5,5,5,5,5,5,5,5,5,5,
STG2,dpastgrunmeta01,/appl/saslogs,1.00%,,,1.00%,1.00%,1,1,1,1,1,1,1,1,1,1,1,1,1,1,1,1,1,1,1,1,1,1,1,1,1,1,1,1,1,1,1,1,1,1,1,1,1,1,1,1,1,1,1,1,1,1,1,1,1,1,
STG2,dpastgrunmeta01,/dev,0.00%,,,0.00%,0.00%,0,0,0,0,0,0,0,0,0,0,0,0,0,0,0,0,0,0,0,0,0,0,0,0,0,0,0,0,0,0,0,0,0,0,0,0,0,0,0,0,0,0,0,0,0,0,0,0,0,0,
STG2,dpastgrunmeta01,/work,10.00%,,,10.00%,10.00%,10,10,10,10,10,10,10,10,10,10,10,10,10,10,10,10,10,10,10,10,10,10,10,10,10,10,10,10,10,10,10,10,10,10,10,10,10,10,10,10,10,10,10,10,10,10,10,10,10,10,
STG2,dpastgrunmeta02,/,39.00%,,,38.00%,38.00%,39,38,38,38,38,38,38,38,38,38,38,38,38,38,38,39,39,39,39,39,39,39,39,39,39,39,39,39,39,39,39,39,40,40,40,40,40,40,40,40,41,42,42,41,41,42,42,42,42,42,
STG2,dpastgrunmeta02,/appl/config,1.00%,,,1.00%,1.00%,1,1,1,1,1,1,1,1,1,1,1,1,1,1,1,1,1,1,1,1,1,1,1,1,1,1,1,2,2,2,2,2,2,2,2,2,2,2,2,2,2,2,2,2,2,2,2,2,2,2,
STG2,dpastgrunmeta02,/appl/depot,1.00%,,,1.00%,1.00%,1,1,1,1,1,1,1,1,1,1,1,1,1,1,1,1,1,1,1,1,1,1,1,1,1,1,1,1,1,1,1,1,1,1,1,1,1,1,1,1,1,1,1,1,1,1,1,1,1,1,
STG2,dpastgrunmeta02,/appl/di_shareddata,1.00%,,,1.00%,1.00%,1,1,1,1,1,1,1,1,1,1,1,1,1,1,1,1,1,1,1,1,1,1,1,1,1,1,1,1,1,1,1,1,1,1,1,1,1,1,1,1,1,1,1,1,1,1,1,1,1,1,
STG2,dpastgrunmeta02,/appl/sasbackup,1.00%,,,1.00%,1.00%,1,1,1,1,1,1,1,1,1,1,1,1,1,1,1,1,1,1,1,1,1,1,1,1,1,1,1,1,1,1,1,1,1,1,1,1,1,1,1,1,1,1,1,1,1,1,1,1,1,1,
STG2,dpastgrunmeta02,/appl/sashome,5.00%,,,5.00%,5.00%,5,5,5,5,5,5,5,5,5,5,5,5,5,5,5,5,5,5,5,5,5,5,5,5,5,5,5,5,5,5,5,5,5,5,5,5,5,5,5,5,5,5,5,5,5,5,5,5,5,5,
STG2,dpastgrunmeta02,/appl/saslogs,1.00%,,,1.00%,1.00%,1,1,1,1,1,1,1,1,1,1,1,1,1,1,1,1,1,1,1,1,1,1,1,1,1,1,1,1,1,1,1,1,1,1,1,1,1,1,1,1,1,1,1,1,1,1,1,1,1,1,
STG2,dpastgrunmeta02,/dev,0.00%,,,0.00%,0.00%,0,0,0,0,0,0,0,0,0,0,0,0,0,0,0,0,0,0,0,0,0,0,0,0,0,0,0,0,0,0,0,0,0,0,0,0,0,0,0,0,0,0,0,0,0,0,0,0,0,0,
STG2,dpastgrunmeta02,/work,10.00%,,,10.00%,10.00%,10,10,10,10,10,10,10,10,10,10,10,10,10,10,10,10,10,10,10,10,10,10,10,10,10,10,10,10,10,10,10,10,10,10,10,10,10,10,10,10,10,10,10,10,10,10,10,10,10,10,
STG2,dpastgrunmeta03,/,38.00%,,,38.00%,20.00%,39,38,38,38,38,38,38,38,38,38,38,38,38,38,38,38,38,38,38,38,38,38,38,38,39,39,39,39,39,39,39,39,39,39,39,39,39,40,40,40,41,41,42,41,41,41,41,41,41,41,
STG2,dpastgrunmeta03,/appl/config,1.00%,,,1.00%,1.00%,1,1,1,1,1,1,1,1,1,1,1,1,1,1,1,1,1,1,1,1,1,1,1,1,2,1,1,1,2,2,2,2,2,2,2,2,2,2,2,2,2,2,2,2,2,2,2,2,2,2,
STG2,dpastgrunmeta03,/appl/depot,1.00%,,,1.00%,1.00%,1,1,1,1,1,1,1,1,1,1,1,1,1,1,1,1,1,1,1,1,1,1,1,1,1,1,1,1,1,1,1,1,1,1,1,1,1,1,1,1,1,1,1,1,1,1,1,1,1,1,
STG2,dpastgrunmeta03,/appl/di_shareddata,1.00%,,,1.00%,1.00%,1,1,1,1,1,1,1,1,1,1,1,1,1,1,1,1,1,1,1,1,1,1,1,1,1,1,1,1,1,1,1,1,1,1,1,1,1,1,1,1,1,1,1,1,1,1,1,1,1,1,
STG2,dpastgrunmeta03,/appl/sasbackup,1.00%,,,1.00%,1.00%,1,1,1,1,1,1,1,1,1,1,1,1,1,1,1,1,1,1,1,1,1,1,1,1,1,1,1,1,1,1,1,1,1,1,1,1,1,1,1,1,1,1,1,1,1,1,1,1,1,1,
STG2,dpastgrunmeta03,/appl/sashome,5.00%,,,5.00%,5.00%,5,5,5,5,5,5,5,5,5,5,5,5,5,5,5,5,5,5,5,5,5,5,5,5,5,5,5,5,5,5,5,5,5,5,5,5,5,5,5,5,5,5,5,5,5,5,5,5,5,5,
STG2,dpastgrunmeta03,/appl/saslogs,1.00%,,,1.00%,1.00%,1,1,1,1,1,1,1,1,1,1,1,1,1,1,1,1,1,1,1,1,1,1,1,1,1,1,1,1,1,1,1,1,1,1,1,1,1,1,1,1,1,1,1,1,1,1,1,1,1,1,
STG2,dpastgrunmeta03,/dev,0.00%,,,0.00%,0.00%,0,0,0,0,0,0,0,0,0,0,0,0,0,0,0,0,0,0,0,0,0,0,0,0,0,0,0,0,0,0,0,0,0,0,0,0,0,0,0,0,0,0,0,0,0,0,0,0,0,0,
STG2,dpastgrunmeta03,/work,1.00%,,,1.00%,10.00%,1,1,1,1,1,1,1,1,1,1,1,1,1,1,1,1,1,1,1,1,1,1,1,1,1,1,1,1,1,1,1,1,1,1,1,1,1,1,1,1,1,1,1,1,1,1,1,1,1,1,
STG2,ip-10-237-82-238,/,20.00%,,,20.00%,19.00%,21,20,20,19,20,19,20,20,20,20,20,20,20,20,20,20,20,21,20,20,20,20,21,21,21,21,22,22,22,21,22,22,23,22,23,22,22,24,23,23,25,26,27,26,26,26,26,26,26,26,
STG2,ip-10-237-82-238,/appl/config,9.00%,,,6.00%,7.00%,7,6,6,6,7,7,8,6,6,7,7,7,8,8,7,7,7,7,8,8,8,7,6,6,7,8,8,6,6,6,7,7,7,7,6,7,7,7,8,8,8,7,7,7,7,8,8,7,7,6,
STG2,ip-10-237-82-238,/appl/depot,1.00%,,,1.00%,1.00%,1,1,1,1,1,1,1,1,1,1,1,1,1,1,1,1,1,1,1,1,1,1,1,1,1,1,1,1,1,1,1,1,1,1,1,1,1,1,1,1,1,1,1,1,1,1,1,1,1,1,
STG2,ip-10-237-82-238,/appl/di_shareddata,1.00%,,,1.00%,1.00%,1,1,1,1,1,1,1,1,1,1,1,1,1,1,1,1,1,1,1,1,1,1,1,1,1,1,1,1,1,1,1,1,1,1,1,1,1,1,1,1,1,1,1,1,1,1,1,1,1,1,
STG2,ip-10-237-82-238,/appl/sasbackup,1.00%,,,1.00%,1.00%,1,1,1,1,1,1,1,1,1,1,1,1,1,1,1,1,1,1,1,1,1,1,1,1,1,1,1,1,1,1,1,1,1,1,1,1,1,1,1,1,1,1,1,1,1,1,1,1,1,1,
STG2,ip-10-237-82-238,/appl/sashome,4.00%,,,4.00%,4.00%,4,4,4,4,4,4,4,4,4,4,4,4,4,4,4,4,4,4,4,4,4,4,4,4,4,4,4,4,4,4,4,4,4,4,4,4,4,4,4,4,4,4,4,4,4,4,4,4,4,4,
STG2,ip-10-237-82-238,/appl/saslogs,1.00%,,,1.00%,1.00%,1,1,1,1,1,1,1,1,1,1,1,1,1,1,1,1,1,1,1,1,1,1,1,1,1,1,1,1,1,1,1,1,1,1,1,1,1,1,1,1,1,1,1,1,1,1,1,1,1,1,
STG2,ip-10-237-82-238,/dev,0.00%,,,0.00%,0.00%,0,0,0,0,0,0,0,0,0,0,0,0,0,0,0,0,0,0,0,0,0,0,0,0,0,0,0,0,0,0,0,0,0,0,0,0,0,0,0,0,0,0,0,0,0,0,0,0,0,0,
STG2,ip-10-237-82-238,/work,1.00%,,,1.00%,1.00%,1,1,1,1,1,1,1,1,1,1,1,1,1,1,1,1,1,1,1,1,1,1,1,1,1,1,1,1,1,1,1,1,1,1,1,1,1,1,1,1,1,1,1,1,1,1,1,1,1,1,
STG2,ip-10-237-82-239,/,21.00%,,,20.00%,19.00%,21,19,19,19,20,19,20,19,20,20,20,20,20,20,20,20,20,20,20,20,20,20,20,21,21,21,22,22,22,21,22,22,22,22,22,22,22,24,23,23,25,26,26,25,26,26,26,26,25,26,
STG2,ip-10-237-82-239,/appl/config,6.00%,,,4.00%,4.00%,5,4,4,5,5,5,5,4,4,5,5,5,6,6,5,5,5,6,6,6,6,5,4,4,4,4,5,4,4,4,4,5,5,5,4,4,5,5,5,5,6,5,5,5,5,6,6,5,5,4,
STG2,ip-10-237-82-239,/appl/depot,1.00%,,,1.00%,1.00%,1,1,1,1,1,1,1,1,1,1,1,1,1,1,1,1,1,1,1,1,1,1,1,1,1,1,1,1,1,1,1,1,1,1,1,1,1,1,1,1,1,1,1,1,1,1,1,1,1,1,
STG2,ip-10-237-82-239,/appl/di_shareddata,1.00%,,,1.00%,1.00%,1,1,1,1,1,1,1,1,1,1,1,1,1,1,1,1,1,1,1,1,1,1,1,1,1,1,1,1,1,1,1,1,1,1,1,1,1,1,1,1,1,1,1,1,1,1,1,1,1,1,
STG2,ip-10-237-82-239,/appl/sasbackup,1.00%,,,1.00%,1.00%,1,1,1,1,1,1,1,1,1,1,1,1,1,1,1,1,1,1,1,1,1,1,1,1,1,1,1,1,1,1,1,1,1,1,1,1,1,1,1,1,1,1,1,1,1,1,1,1,1,1,
STG2,ip-10-237-82-239,/appl/sashome,4.00%,,,4.00%,4.00%,4,4,4,4,4,4,4,4,4,4,4,4,4,4,4,4,4,4,4,4,4,4,4,4,4,4,4,4,4,4,4,4,4,4,4,4,4,4,4,4,4,4,4,4,4,4,4,4,4,4,
STG2,ip-10-237-82-239,/appl/saslogs,1.00%,,,1.00%,1.00%,1,1,1,1,1,1,1,1,1,1,1,1,1,1,1,1,1,1,1,1,1,1,1,1,1,1,1,1,1,1,1,1,1,1,1,1,1,1,1,1,1,1,1,1,1,1,1,1,1,1,
STG2,ip-10-237-82-239,/dev,0.00%,,,0.00%,0.00%,0,0,0,0,0,0,0,0,0,0,0,0,0,0,0,0,0,0,0,0,0,0,0,0,0,0,0,0,0,0,0,0,0,0,0,0,0,0,0,0,0,0,0,0,0,0,0,0,0,0,
STG2,ip-10-237-82-239,/work,1.00%,,,1.00%,1.00%,1,1,1,1,1,1,1,1,1,1,1,1,1,1,1,1,1,1,1,1,1,1,1,1,1,1,1,1,1,1,1,1,1,1,1,1,1,1,1,1,1,1,1,1,1,1,1,1,1,1,
STG2,ip-10-237-82-240,/,20.00%,,,20.00%,20.00%,20,20,20,20,20,20,20,20,20,20,20,20,20,20,20,20,20,20,20,20,20,20,20,21,21,21,22,22,22,22,22,22,22,22,22,22,22,24,27,27,27,28,26,25,25,23,23,23,23,23,
STG2,ip-10-237-82-240,/appl/config,3.00%,,,3.00%,3.00%,3,3,3,3,3,4,4,4,4,4,4,5,5,5,5,5,5,5,5,5,5,5,5,5,5,5,5,5,5,5,5,5,6,6,6,6,6,7,7,7,7,7,7,7,7,7,7,7,7,7,
STG2,ip-10-237-82-240,/appl/depot,1.00%,,,1.00%,1.00%,1,1,1,1,1,1,1,1,1,1,1,1,1,1,1,1,1,1,1,1,1,1,1,1,1,1,1,1,1,1,1,1,1,1,1,1,1,1,1,1,1,1,1,1,1,1,1,1,1,1,
STG2,ip-10-237-82-240,/appl/di_shareddata,1.00%,,,1.00%,1.00%,1,1,1,1,1,1,1,1,1,1,1,1,1,1,1,1,1,1,1,1,1,1,1,1,1,1,1,1,1,1,1,1,1,1,1,1,1,1,1,1,1,1,1,1,1,1,1,1,1,1,
STG2,ip-10-237-82-240,/appl/sasbackup,1.00%,,,1.00%,1.00%,1,1,1,1,1,1,1,1,1,1,1,1,1,1,1,1,1,1,1,1,1,1,1,1,1,1,1,1,1,1,1,1,1,1,1,1,1,1,1,1,1,1,1,1,1,1,1,1,1,1,
STG2,ip-10-237-82-240,/appl/sashome,4.00%,,,4.00%,4.00%,4,4,4,4,4,4,4,4,4,4,4,4,4,4,4,4,4,4,4,4,4,4,4,4,4,4,4,4,4,4,4,4,4,4,4,4,4,4,4,4,4,4,4,4,4,4,4,4,4,4,
STG2,ip-10-237-82-240,/appl/saslogs,1.00%,,,1.00%,1.00%,1,1,1,1,1,1,1,1,1,1,1,1,1,1,1,1,1,1,1,1,1,1,1,1,1,1,1,1,1,1,1,1,1,1,1,1,1,1,1,1,1,1,1,1,1,1,1,1,1,1,
STG2,ip-10-237-82-240,/dev,0.00%,,,0.00%,0.00%,0,0,0,0,0,0,0,0,0,0,0,0,0,0,0,0,0,0,0,0,0,0,0,0,0,0,0,0,0,0,0,0,0,0,0,0,0,0,0,0,0,0,0,0,0,0,0,0,0,0,
STG2,ip-10-237-82-240,/work,1.00%,,,1.00%,1.00%,1,1,1,1,1,1,1,1,1,1,1,1,1,1,1,1,1,1,1,1,1,1,1,1,1,1,1,1,1,1,1,1,1,1,1,1,1,1,1,1,1,1,1,1,1,1,1,1,1,1,
STG2,ip-10-237-82-241,/,20.00%,,,20.00%,19.00%,21,20,20,20,20,20,20,20,20,20,20,24,24,24,24,24,24,24,24,24,24,24,24,24,25,25,25,26,26,25,26,26,26,26,22,22,22,24,23,23,24,24,25,24,24,24,24,24,23,,
STG2,ip-10-237-82-241,/appl/config,4.00%,,,6.00%,5.00%,5,5,5,5,5,6,6,6,6,6,7,7,7,7,7,7,7,7,7,7,7,7,7,7,7,7,7,7,7,7,7,8,8,8,8,8,8,8,8,8,8,9,7,8,8,8,9,9,9,,
STG2,ip-10-237-82-241,/appl/depot,1.00%,,,1.00%,1.00%,1,1,1,1,1,1,1,1,1,1,1,1,1,1,1,1,1,1,1,1,1,1,1,1,1,1,1,1,1,1,1,1,1,1,1,1,1,1,1,1,1,1,1,1,1,1,1,1,1,,
STG2,ip-10-237-82-241,/appl/di_shareddata,1.00%,,,1.00%,1.00%,1,1,1,1,1,1,1,1,1,1,1,1,1,1,1,1,1,1,1,1,1,1,1,1,1,1,1,1,1,1,1,1,1,1,1,1,1,1,1,1,1,1,1,1,1,1,1,1,1,,
STG2,ip-10-237-82-241,/appl/sasbackup,1.00%,,,1.00%,1.00%,1,1,1,1,1,1,1,1,1,1,1,1,1,1,1,1,1,1,1,1,1,1,1,1,1,1,1,1,1,1,1,1,1,1,1,1,1,1,1,1,1,1,1,1,1,1,1,1,1,,
STG2,ip-10-237-82-241,/appl/sashome,4.00%,,,4.00%,4.00%,4,4,4,4,4,4,4,4,4,4,4,4,4,4,4,4,4,4,4,4,4,4,4,4,4,4,4,4,4,4,4,4,4,4,4,4,4,4,4,4,4,4,4,4,4,4,4,4,4,,
STG2,ip-10-237-82-241,/appl/saslogs,1.00%,,,1.00%,1.00%,1,1,1,1,1,1,1,1,1,1,1,1,1,1,1,1,1,1,1,1,1,1,1,1,1,1,1,1,1,1,1,1,1,1,1,1,1,1,1,1,1,1,1,1,1,1,1,1,1,,
STG2,ip-10-237-82-241,/dev,0.00%,,,0.00%,0.00%,0,0,0,0,0,0,0,0,0,0,0,0,0,0,0,0,0,0,0,0,0,0,0,0,0,0,0,0,0,0,0,0,0,0,0,0,0,0,0,0,0,0,0,0,0,0,0,0,0,,
STG2,ip-10-237-82-241,/work,1.00%,,,1.00%,1.00%,1,1,1,1,1,1,1,1,1,1,1,1,1,1,1,1,1,1,1,1,1,1,1,1,1,1,1,1,1,1,1,1,1,1,1,1,1,1,1,1,1,1,1,1,1,1,1,1,1,,
,,,,,,,,,,,,,,,,,,,,,,,,,,,,,,,,,,,,,,,,,,,,,,,,,,,,,,,,,,
,,,,,,WE 01.26,WE 02.02,WE 02.14,WE 02.23,WE 03.01,WE 03.08,WE 03.15,WE 03.22,WE 03.29,WE 04.05,WE 04.12,WE 04.19,WE 04.26,WE 05.03,WE 05.10,WE 05.17,WE 05.24,WE 05.31,WE 06.07,WE 06.14,WE 06.21,WE 06.28,WE 07.05,WE 07.12,WE 07.19,WE 07.26,WE 08.02,WE 08.09,WE 08.16,WE 08.23,WE 08.31,WE 09.06,WE 09.13,WE 09.20,WE 09.27,WE 10.04,WE 10.11,WE 10.18,WE 10.25,WE 11.03,WE 11.08,WE 11.15,WE 11.22,WE 11.30,WE 12.09,WE 12.13,WE 12.20,WE 12.28,WE 01.04,WE 01.10,WE 01.17,WE 01.24,WE 01.28
,,Ave,10.22%,#DIV/0!,16.17%,10.99,10.57,11.02,10.94,11,11,11,11,11,10,11,10,11,11,11,11,11,10,11,11,11,10,11,11,11,11,11,11,11,11,11,11,11,12,12,12,12,12,12,12,12,11,12,12,12,12,12,12,12,12,12,12,13
,,Min,0.00%,0.00%,0.00%,0,0,0,0,0,0,0,0,0,0,0,0,0,0,0,0,0,0,0,0,0,0,0,0,0,0,0,0,0,0,0,0,0,0,0,0,0,0,0,0,0,0,0,0,0,0,0,0,0,0,0,0,0
,,Max,71.00%,0.00%,73.00%,85,78,76,90,79,78,80,88,77,77,78,90,78,78,79,75,100,74,74,75,76,76,76,78,78,68,68,68,71,73,71,73,75,78,74,73,79,80,78,79,77,79,80,72,73,79,77,81,78,75,76,80,72
,,,,,,,,,,,,,,,,,,,,,,,,,,,,,,,,,,,,,,,,,,,,,,,,,,,,,,,,,,
,,,,,,,,,,,,,,,,,,,,,,,,,,,,,,,,,,,,,,,,,,,,,,,,,,,,,,,,,,
,,,,,,,,,,,,,,,,,,,,,,,,,,,,,,,,,,,,,,,,,,,,,,,,,,,,,,,,,,
,,,,,,,,,,,,,,,,,,,,,,,,,,,,,,,,,,,,,,,,,,,,,,,,,,,,,,,,,,
,,,,,,,,,,,,,,,,,,,,,,,,,,,,,,,,,,,,,,,,,,,,,,,,,,,,,,,,,,
,,,,,,,,,,,,,,,,,,,,,,,,,,,,,,,,,,,,,,,,,,,,,,,,,,,,,,,,,,
,,,,,,,,,,,,,,,,,,,,,,,,,,,,,,,,,,,,,,,,,,,,,,,,,,,,,,,,,,
,,,JAN,FEB,MAR,APR,MAY,JUN,JUL,AUG,SEP,OCT,NOV,DEC,,,,,,,,,,,,,,,,,,,,,,,,,,,,,,,,,,,,,,,,,,,,
,,,10.99,10.84320513,11,10.50432692,11,11,11,11,11.50721154,12,12,12,,,,,,,,,,,,,,,,,,,,,,,,,,,,,,,,,,,,,,,,,,,,
,,,0,0,0,0,0,0,0,0,0,0,0,0,,,,,,,,,,,,,,,,,,,,,,,,,,,,,,,,,,,,,,,,,,,,
,,,85,81.33333333,80,80.75,81,75,75,70,75,78,77,78,,,,,,,,,,,,,,,,,,,,,,,,,,,,,,,,,,,,,,,,,,,,
